SLOT_ID,CHIP_ID,CHIP_TYPE,CORE_ID,CORE_TYPE,CORE_LANE,LANE_SPEED(mbps),MEDIA_TYPE,TCVR_VENDOR,NIC_VENDOR,CABLE_LENGTH(m),TX_PRE3,TX_PRE2,TX_PRE1,TX_MAIN,TX_POST1,TX_POST2,TX_POST3,TX_DRIVE_CURRENT,RX_CTLE_CODE,RX_DSP_MODE,RX_AFE_TRIM
1,1,NPU,0,CHENAB2_NIF,0,200000,BACKPLANE,,,,0,1,-11,51,0,,,55,,,
1,1,NPU,0,CHENAB2_NIF,1,200000,BACKPLANE,,,,0,1,-11,51,0,,,55,,,
1,1,NPU,0,CHENAB2_NIF,2,200000,BACKPLANE,,,,0,1,-11,51,0,,,55,,,
1,1,NPU,0,CHENAB2_NIF,3,200000,BACKPLANE,,,,0,1,-11,51,0,,,55,,,
1,1,NPU,0,CHENAB2_NIF,4,200000,BACKPLANE,,,,0,1,-11,51,0,,,55,,,
1,1,NPU,0,CHENAB2_NIF,5,200000,BACKPLANE,,,,0,1,-11,51,0,,,55,,,
1,1,NPU,0,CHENAB2_NIF,6,200000,BACKPLANE,,,,0,1,-11,51,0,,,55,,,
1,1,NPU,0,CHENAB2_NIF,7,200000,BACKPLANE,,,,0,1,-11,51,0,,,55,,,
1,1,NPU,0,CHENAB2_NIF,8,200000,BACKPLANE,,,,0,1,-11,51,0,,,55,,,
1,1,NPU,0,CHENAB2_NIF,9,200000,BACKPLANE,,,,0,1,-11,51,0,,,55,,,
1,1,NPU,0,CHENAB2_NIF,10,200000,BACKPLANE,,,,0,1,-11,51,0,,,55,,,
1,1,NPU,0,CHENAB2_NIF,11,200000,BACKPLANE,,,,0,1,-11,51,0,,,55,,,
1,1,NPU,0,CHENAB2_NIF,12,200000,BACKPLANE,,,,0,1,-11,51,0,,,55,,,
1,1,NPU,0,CHENAB2_NIF,13,200000,BACKPLANE,,,,0,1,-11,51,0,,,55,,,
1,1,NPU,0,CHENAB2_NIF,14,200000,BACKPLANE,,,,0,1,-11,51,0,,,55,,,
1,1,NPU,0,CHENAB2_NIF,15,200000,BACKPLANE,,,,0,1,-11,51,0,,,55,,,
1,1,NPU,0,CHENAB2_NIF,16,200000,BACKPLANE,,,,0,1,-11,51,0,,,55,,,
1,1,NPU,0,CHENAB2_NIF,17,200000,BACKPLANE,,,,0,1,-11,51,0,,,55,,,
1,1,NPU,0,CHENAB2_NIF,18,200000,BACKPLANE,,,,0,1,-11,51,0,,,55,,,
1,1,NPU,0,CHENAB2_NIF,19,200000,BACKPLANE,,,,0,1,-11,51,0,,,55,,,
1,1,NPU,0,CHENAB2_NIF,20,200000,BACKPLANE,,,,0,1,-11,51,0,,,55,,,
1,1,NPU,0,CHENAB2_NIF,21,200000,BACKPLANE,,,,0,1,-11,51,0,,,55,,,
1,1,NPU,0,CHENAB2_NIF,22,200000,BACKPLANE,,,,0,1,-11,51,0,,,55,,,
1,1,NPU,0,CHENAB2_NIF,23,200000,BACKPLANE,,,,0,1,-11,51,0,,,55,,,
1,1,NPU,0,CHENAB2_NIF,24,200000,BACKPLANE,,,,0,1,-11,51,0,,,55,,,
1,1,NPU,0,CHENAB2_NIF,25,200000,BACKPLANE,,,,0,1,-11,51,0,,,55,,,
1,1,NPU,0,CHENAB2_NIF,26,200000,BACKPLANE,,,,0,1,-11,51,0,,,55,,,
1,1,NPU,0,CHENAB2_NIF,27,200000,BACKPLANE,,,,0,1,-11,51,0,,,55,,,
1,1,NPU,0,CHENAB2_NIF,28,200000,BACKPLANE,,,,0,1,-11,51,0,,,55,,,
1,1,NPU,0,CHENAB2_NIF,29,200000,BACKPLANE,,,,0,1,-11,51,0,,,55,,,
1,1,NPU,0,CHENAB2_NIF,30,200000,BACKPLANE,,,,0,1,-11,51,0,,,55,,,
1,1,NPU,0,CHENAB2_NIF,31,200000,BACKPLANE,,,,0,1,-11,51,0,,,55,,,
1,1,NPU,0,CHENAB2_NIF,32,200000,BACKPLANE,,,,0,1,-11,51,0,,,55,,,
1,1,NPU,0,CHENAB2_NIF,33,200000,BACKPLANE,,,,0,1,-11,51,0,,,55,,,
1,1,NPU,0,CHENAB2_NIF,34,200000,BACKPLANE,,,,0,1,-11,51,0,,,55,,,
1,1,NPU,0,CHENAB2_NIF,35,200000,BACKPLANE,,,,0,1,-11,51,0,,,55,,,
1,1,NPU,0,CHENAB2_NIF,36,200000,BACKPLANE,,,,0,1,-11,51,0,,,55,,,
1,1,NPU,0,CHENAB2_NIF,37,200000,BACKPLANE,,,,0,1,-11,51,0,,,55,,,
1,1,NPU,0,CHENAB2_NIF,38,200000,BACKPLANE,,,,0,1,-11,51,0,,,55,,,
1,1,NPU,0,CHENAB2_NIF,39,200000,BACKPLANE,,,,0,1,-11,51,0,,,55,,,
1,1,NPU,0,CHENAB2_NIF,40,200000,BACKPLANE,,,,0,1,-11,51,0,,,55,,,
1,1,NPU,0,CHENAB2_NIF,41,200000,BACKPLANE,,,,0,1,-11,51,0,,,55,,,
1,1,NPU,0,CHENAB2_NIF,42,200000,BACKPLANE,,,,0,1,-11,51,0,,,55,,,
1,1,NPU,0,CHENAB2_NIF,43,200000,BACKPLANE,,,,0,1,-11,51,0,,,55,,,
1,1,NPU,0,CHENAB2_NIF,44,200000,BACKPLANE,,,,0,1,-11,51,0,,,55,,,
1,1,NPU,0,CHENAB2_NIF,45,200000,BACKPLANE,,,,0,1,-11,51,0,,,55,,,
1,1,NPU,0,CHENAB2_NIF,46,200000,BACKPLANE,,,,0,1,-11,51,0,,,55,,,
1,1,NPU,0,CHENAB2_NIF,47,200000,BACKPLANE,,,,0,1,-11,51,0,,,55,,,
1,1,NPU,0,CHENAB2_NIF,48,200000,BACKPLANE,,,,0,1,-11,51,0,,,55,,,
1,1,NPU,0,CHENAB2_NIF,49,200000,BACKPLANE,,,,0,1,-11,51,0,,,55,,,
1,1,NPU,0,CHENAB2_NIF,50,200000,BACKPLANE,,,,0,1,-11,51,0,,,55,,,
1,1,NPU,0,CHENAB2_NIF,51,200000,BACKPLANE,,,,0,1,-11,51,0,,,55,,,
1,1,NPU,0,CHENAB2_NIF,52,200000,BACKPLANE,,,,0,1,-11,51,0,,,55,,,
1,1,NPU,0,CHENAB2_NIF,53,200000,BACKPLANE,,,,0,1,-11,51,0,,,55,,,
1,1,NPU,0,CHENAB2_NIF,54,200000,BACKPLANE,,,,0,1,-11,51,0,,,55,,,
1,1,NPU,0,CHENAB2_NIF,55,200000,BACKPLANE,,,,0,1,-11,51,0,,,55,,,
1,1,NPU,0,CHENAB2_NIF,56,200000,BACKPLANE,,,,0,1,-11,51,0,,,55,,,
1,1,NPU,0,CHENAB2_NIF,57,200000,BACKPLANE,,,,0,1,-11,51,0,,,55,,,
1,1,NPU,0,CHENAB2_NIF,58,200000,BACKPLANE,,,,0,1,-11,51,0,,,55,,,
1,1,NPU,0,CHENAB2_NIF,59,200000,BACKPLANE,,,,0,1,-11,51,0,,,55,,,
1,1,NPU,0,CHENAB2_NIF,60,200000,BACKPLANE,,,,0,1,-11,51,0,,,55,,,
1,1,NPU,0,CHENAB2_NIF,61,200000,BACKPLANE,,,,0,1,-11,51,0,,,55,,,
1,1,NPU,0,CHENAB2_NIF,62,200000,BACKPLANE,,,,0,1,-11,51,0,,,55,,,
1,1,NPU,0,CHENAB2_NIF,63,200000,BACKPLANE,,,,0,1,-11,51,0,,,55,,,
1,1,NPU,0,CHENAB2_NIF,64,200000,BACKPLANE,,,,0,1,-11,51,0,,,55,,,
1,1,NPU,0,CHENAB2_NIF,65,200000,BACKPLANE,,,,0,1,-11,51,0,,,55,,,
1,1,NPU,0,CHENAB2_NIF,66,200000,BACKPLANE,,,,0,1,-11,51,0,,,55,,,
1,1,NPU,0,CHENAB2_NIF,67,200000,BACKPLANE,,,,0,1,-11,51,0,,,55,,,
1,1,NPU,0,CHENAB2_NIF,68,200000,BACKPLANE,,,,0,1,-11,51,0,,,55,,,
1,1,NPU,0,CHENAB2_NIF,69,200000,BACKPLANE,,,,0,1,-11,51,0,,,55,,,
1,1,NPU,0,CHENAB2_NIF,70,200000,BACKPLANE,,,,0,1,-11,51,0,,,55,,,
1,1,NPU,0,CHENAB2_NIF,71,200000,BACKPLANE,,,,0,1,-11,51,0,,,55,,,
1,1,NPU,0,CHENAB2_NIF,72,200000,BACKPLANE,,,,0,1,-11,51,0,,,55,,,
1,1,NPU,0,CHENAB2_NIF,73,200000,BACKPLANE,,,,0,1,-11,51,0,,,55,,,
1,1,NPU,0,CHENAB2_NIF,74,200000,BACKPLANE,,,,0,1,-11,51,0,,,55,,,
1,1,NPU,0,CHENAB2_NIF,75,200000,BACKPLANE,,,,0,1,-11,51,0,,,55,,,
1,1,NPU,0,CHENAB2_NIF,76,200000,BACKPLANE,,,,0,1,-11,51,0,,,55,,,
1,1,NPU,0,CHENAB2_NIF,77,200000,BACKPLANE,,,,0,1,-11,51,0,,,55,,,
1,1,NPU,0,CHENAB2_NIF,78,200000,BACKPLANE,,,,0,1,-11,51,0,,,55,,,
1,1,NPU,0,CHENAB2_NIF,79,200000,BACKPLANE,,,,0,1,-11,51,0,,,55,,,
1,1,NPU,0,CHENAB2_NIF,80,200000,BACKPLANE,,,,0,1,-11,51,0,,,55,,,
1,1,NPU,0,CHENAB2_NIF,81,200000,BACKPLANE,,,,0,1,-11,51,0,,,55,,,
1,1,NPU,0,CHENAB2_NIF,82,200000,BACKPLANE,,,,0,1,-11,51,0,,,55,,,
1,1,NPU,0,CHENAB2_NIF,83,200000,BACKPLANE,,,,0,1,-11,51,0,,,55,,,
1,1,NPU,0,CHENAB2_NIF,84,200000,BACKPLANE,,,,0,1,-11,51,0,,,55,,,
1,1,NPU,0,CHENAB2_NIF,85,200000,BACKPLANE,,,,0,1,-11,51,0,,,55,,,
1,1,NPU,0,CHENAB2_NIF,86,200000,BACKPLANE,,,,0,1,-11,51,0,,,55,,,
1,1,NPU,0,CHENAB2_NIF,87,200000,BACKPLANE,,,,0,1,-11,51,0,,,55,,,
1,1,NPU,0,CHENAB2_NIF,88,200000,BACKPLANE,,,,0,1,-11,51,0,,,55,,,
1,1,NPU,0,CHENAB2_NIF,89,200000,BACKPLANE,,,,0,1,-11,51,0,,,55,,,
1,1,NPU,0,CHENAB2_NIF,90,200000,BACKPLANE,,,,0,1,-11,51,0,,,55,,,
1,1,NPU,0,CHENAB2_NIF,91,200000,BACKPLANE,,,,0,1,-11,51,0,,,55,,,
1,1,NPU,0,CHENAB2_NIF,92,200000,BACKPLANE,,,,0,1,-11,51,0,,,55,,,
1,1,NPU,0,CHENAB2_NIF,93,200000,BACKPLANE,,,,0,1,-11,51,0,,,55,,,
1,1,NPU,0,CHENAB2_NIF,94,200000,BACKPLANE,,,,0,1,-11,51,0,,,55,,,
1,1,NPU,0,CHENAB2_NIF,95,200000,BACKPLANE,,,,0,1,-11,51,0,,,55,,,
1,1,NPU,0,CHENAB2_NIF,96,200000,BACKPLANE,,,,0,1,-11,51,0,,,55,,,
1,1,NPU,0,CHENAB2_NIF,97,200000,BACKPLANE,,,,0,1,-11,51,0,,,55,,,
1,1,NPU,0,CHENAB2_NIF,98,200000,BACKPLANE,,,,0,1,-11,51,0,,,55,,,
1,1,NPU,0,CHENAB2_NIF,99,200000,BACKPLANE,,,,0,1,-11,51,0,,,55,,,
1,1,NPU,0,CHENAB2_NIF,100,200000,BACKPLANE,,,,0,1,-11,51,0,,,55,,,
1,1,NPU,0,CHENAB2_NIF,101,200000,BACKPLANE,,,,0,1,-11,51,0,,,55,,,
1,1,NPU,0,CHENAB2_NIF,102,200000,BACKPLANE,,,,0,1,-11,51,0,,,55,,,
1,1,NPU,0,CHENAB2_NIF,103,200000,BACKPLANE,,,,0,1,-11,51,0,,,55,,,
1,1,NPU,0,CHENAB2_NIF,104,200000,BACKPLANE,,,,0,1,-11,51,0,,,55,,,
1,1,NPU,0,CHENAB2_NIF,105,200000,BACKPLANE,,,,0,1,-11,51,0,,,55,,,
1,1,NPU,0,CHENAB2_NIF,106,200000,BACKPLANE,,,,0,1,-11,51,0,,,55,,,
1,1,NPU,0,CHENAB2_NIF,107,200000,BACKPLANE,,,,0,1,-11,51,0,,,55,,,
1,1,NPU,0,CHENAB2_NIF,108,200000,BACKPLANE,,,,0,1,-11,51,0,,,55,,,
1,1,NPU,0,CHENAB2_NIF,109,200000,BACKPLANE,,,,0,1,-11,51,0,,,55,,,
1,1,NPU,0,CHENAB2_NIF,110,200000,BACKPLANE,,,,0,1,-11,51,0,,,55,,,
1,1,NPU,0,CHENAB2_NIF,111,200000,BACKPLANE,,,,0,1,-11,51,0,,,55,,,
1,1,NPU,0,CHENAB2_NIF,112,200000,BACKPLANE,,,,0,1,-11,51,0,,,55,,,
1,1,NPU,0,CHENAB2_NIF,113,200000,BACKPLANE,,,,0,1,-11,51,0,,,55,,,
1,1,NPU,0,CHENAB2_NIF,114,200000,BACKPLANE,,,,0,1,-11,51,0,,,55,,,
1,1,NPU,0,CHENAB2_NIF,115,200000,BACKPLANE,,,,0,1,-11,51,0,,,55,,,
1,1,NPU,0,CHENAB2_NIF,116,200000,BACKPLANE,,,,0,1,-11,51,0,,,55,,,
1,1,NPU,0,CHENAB2_NIF,117,200000,BACKPLANE,,,,0,1,-11,51,0,,,55,,,
1,1,NPU,0,CHENAB2_NIF,118,200000,BACKPLANE,,,,0,1,-11,51,0,,,55,,,
1,1,NPU,0,CHENAB2_NIF,119,200000,BACKPLANE,,,,0,1,-11,51,0,,,55,,,
1,1,NPU,0,CHENAB2_NIF,120,200000,BACKPLANE,,,,0,1,-11,51,0,,,55,,,
1,1,NPU,0,CHENAB2_NIF,121,200000,BACKPLANE,,,,0,1,-11,51,0,,,55,,,
1,1,NPU,0,CHENAB2_NIF,122,200000,BACKPLANE,,,,0,1,-11,51,0,,,55,,,
1,1,NPU,0,CHENAB2_NIF,123,200000,BACKPLANE,,,,0,1,-11,51,0,,,55,,,
1,1,NPU,0,CHENAB2_NIF,124,200000,BACKPLANE,,,,0,1,-11,51,0,,,55,,,
1,1,NPU,0,CHENAB2_NIF,125,200000,BACKPLANE,,,,0,1,-11,51,0,,,55,,,
1,1,NPU,0,CHENAB2_NIF,126,200000,BACKPLANE,,,,0,1,-11,51,0,,,55,,,
1,1,NPU,0,CHENAB2_NIF,127,200000,BACKPLANE,,,,0,1,-11,51,0,,,55,,,
1,1,NPU,0,CHENAB2_NIF,128,200000,BACKPLANE,,,,0,1,-10,52,0,,,55,,,
1,1,NPU,0,CHENAB2_NIF,129,200000,BACKPLANE,,,,0,1,-10,52,0,,,55,,,
1,1,NPU,0,CHENAB2_NIF,130,200000,BACKPLANE,,,,0,1,-10,52,0,,,55,,,
1,1,NPU,0,CHENAB2_NIF,131,200000,BACKPLANE,,,,0,1,-10,52,0,,,55,,,
1,1,NPU,0,CHENAB2_NIF,132,200000,BACKPLANE,,,,0,1,-10,52,0,,,55,,,
1,1,NPU,0,CHENAB2_NIF,133,200000,BACKPLANE,,,,0,1,-10,52,0,,,55,,,
1,1,NPU,0,CHENAB2_NIF,134,200000,BACKPLANE,,,,0,1,-10,52,0,,,55,,,
1,1,NPU,0,CHENAB2_NIF,135,200000,BACKPLANE,,,,0,1,-10,52,0,,,55,,,
1,1,NPU,0,CHENAB2_NIF,136,200000,BACKPLANE,,,,0,1,-10,52,0,,,55,,,
1,1,NPU,0,CHENAB2_NIF,137,200000,BACKPLANE,,,,0,1,-10,52,0,,,55,,,
1,1,NPU,0,CHENAB2_NIF,138,200000,BACKPLANE,,,,0,1,-10,52,0,,,55,,,
1,1,NPU,0,CHENAB2_NIF,139,200000,BACKPLANE,,,,0,1,-10,52,0,,,55,,,
1,1,NPU,0,CHENAB2_NIF,140,200000,BACKPLANE,,,,0,1,-10,52,0,,,55,,,
1,1,NPU,0,CHENAB2_NIF,141,200000,BACKPLANE,,,,0,1,-10,52,0,,,55,,,
1,1,NPU,0,CHENAB2_NIF,142,200000,BACKPLANE,,,,0,1,-10,52,0,,,55,,,
1,1,NPU,0,CHENAB2_NIF,143,200000,BACKPLANE,,,,0,1,-10,52,0,,,55,,,
1,1,NPU,0,CHENAB2_NIF,144,200000,BACKPLANE,,,,0,1,-10,52,0,,,55,,,
1,1,NPU,0,CHENAB2_NIF,145,200000,BACKPLANE,,,,0,1,-10,52,0,,,55,,,
1,1,NPU,0,CHENAB2_NIF,146,200000,BACKPLANE,,,,0,1,-10,52,0,,,55,,,
1,1,NPU,0,CHENAB2_NIF,147,200000,BACKPLANE,,,,0,1,-10,52,0,,,55,,,
1,1,NPU,0,CHENAB2_NIF,148,200000,BACKPLANE,,,,0,1,-10,52,0,,,55,,,
1,1,NPU,0,CHENAB2_NIF,149,200000,BACKPLANE,,,,0,1,-10,52,0,,,55,,,
1,1,NPU,0,CHENAB2_NIF,150,200000,BACKPLANE,,,,0,1,-10,52,0,,,55,,,
1,1,NPU,0,CHENAB2_NIF,151,200000,BACKPLANE,,,,0,1,-10,52,0,,,55,,,
1,1,NPU,0,CHENAB2_NIF,152,200000,BACKPLANE,,,,0,1,-10,52,0,,,55,,,
1,1,NPU,0,CHENAB2_NIF,153,200000,BACKPLANE,,,,0,1,-10,52,0,,,55,,,
1,1,NPU,0,CHENAB2_NIF,154,200000,BACKPLANE,,,,0,1,-10,52,0,,,55,,,
1,1,NPU,0,CHENAB2_NIF,155,200000,BACKPLANE,,,,0,1,-10,52,0,,,55,,,
1,1,NPU,0,CHENAB2_NIF,156,200000,BACKPLANE,,,,0,1,-10,52,0,,,55,,,
1,1,NPU,0,CHENAB2_NIF,157,200000,BACKPLANE,,,,0,1,-10,52,0,,,55,,,
1,1,NPU,0,CHENAB2_NIF,158,200000,BACKPLANE,,,,0,1,-10,52,0,,,55,,,
1,1,NPU,0,CHENAB2_NIF,159,200000,BACKPLANE,,,,0,1,-10,52,0,,,55,,,
1,1,NPU,0,CHENAB2_NIF,160,200000,BACKPLANE,,,,0,1,-10,52,0,,,55,,,
1,1,NPU,0,CHENAB2_NIF,161,200000,BACKPLANE,,,,0,1,-10,52,0,,,55,,,
1,1,NPU,0,CHENAB2_NIF,162,200000,BACKPLANE,,,,0,1,-10,52,0,,,55,,,
1,1,NPU,0,CHENAB2_NIF,163,200000,BACKPLANE,,,,0,1,-10,52,0,,,55,,,
1,1,NPU,0,CHENAB2_NIF,164,200000,BACKPLANE,,,,0,1,-10,52,0,,,55,,,
1,1,NPU,0,CHENAB2_NIF,165,200000,BACKPLANE,,,,0,1,-10,52,0,,,55,,,
1,1,NPU,0,CHENAB2_NIF,166,200000,BACKPLANE,,,,0,1,-10,52,0,,,55,,,
1,1,NPU,0,CHENAB2_NIF,167,200000,BACKPLANE,,,,0,1,-10,52,0,,,55,,,
1,1,NPU,0,CHENAB2_NIF,168,200000,BACKPLANE,,,,0,1,-10,52,0,,,55,,,
1,1,NPU,0,CHENAB2_NIF,169,200000,BACKPLANE,,,,0,1,-10,52,0,,,55,,,
1,1,NPU,0,CHENAB2_NIF,170,200000,BACKPLANE,,,,0,1,-10,52,0,,,55,,,
1,1,NPU,0,CHENAB2_NIF,171,200000,BACKPLANE,,,,0,1,-10,52,0,,,55,,,
1,1,NPU,0,CHENAB2_NIF,172,200000,BACKPLANE,,,,0,1,-10,52,0,,,55,,,
1,1,NPU,0,CHENAB2_NIF,173,200000,BACKPLANE,,,,0,1,-10,52,0,,,55,,,
1,1,NPU,0,CHENAB2_NIF,174,200000,BACKPLANE,,,,0,1,-10,52,0,,,55,,,
1,1,NPU,0,CHENAB2_NIF,175,200000,BACKPLANE,,,,0,1,-10,52,0,,,55,,,
1,1,NPU,0,CHENAB2_NIF,176,200000,BACKPLANE,,,,0,1,-10,52,0,,,55,,,
1,1,NPU,0,CHENAB2_NIF,177,200000,BACKPLANE,,,,0,1,-10,52,0,,,55,,,
1,1,NPU,0,CHENAB2_NIF,178,200000,BACKPLANE,,,,0,1,-10,52,0,,,55,,,
1,1,NPU,0,CHENAB2_NIF,179,200000,BACKPLANE,,,,0,1,-10,52,0,,,55,,,
1,1,NPU,0,CHENAB2_NIF,180,200000,BACKPLANE,,,,0,1,-10,52,0,,,55,,,
1,1,NPU,0,CHENAB2_NIF,181,200000,BACKPLANE,,,,0,1,-10,52,0,,,55,,,
1,1,NPU,0,CHENAB2_NIF,182,200000,BACKPLANE,,,,0,1,-10,52,0,,,55,,,
1,1,NPU,0,CHENAB2_NIF,183,200000,BACKPLANE,,,,0,1,-10,52,0,,,55,,,
1,1,NPU,0,CHENAB2_NIF,184,200000,BACKPLANE,,,,0,1,-10,52,0,,,55,,,
1,1,NPU,0,CHENAB2_NIF,185,200000,BACKPLANE,,,,0,1,-10,52,0,,,55,,,
1,1,NPU,0,CHENAB2_NIF,186,200000,BACKPLANE,,,,0,1,-10,52,0,,,55,,,
1,1,NPU,0,CHENAB2_NIF,187,200000,BACKPLANE,,,,0,1,-10,52,0,,,55,,,
1,1,NPU,0,CHENAB2_NIF,188,200000,BACKPLANE,,,,0,1,-10,52,0,,,55,,,
1,1,NPU,0,CHENAB2_NIF,189,200000,BACKPLANE,,,,0,1,-10,52,0,,,55,,,
1,1,NPU,0,CHENAB2_NIF,190,200000,BACKPLANE,,,,0,1,-10,52,0,,,55,,,
1,1,NPU,0,CHENAB2_NIF,191,200000,BACKPLANE,,,,0,1,-10,52,0,,,55,,,
1,1,NPU,0,CHENAB2_NIF,192,200000,BACKPLANE,,,,0,1,-10,52,0,,,55,,,
1,1,NPU,0,CHENAB2_NIF,193,200000,BACKPLANE,,,,0,1,-10,52,0,,,55,,,
1,1,NPU,0,CHENAB2_NIF,194,200000,BACKPLANE,,,,0,1,-10,52,0,,,55,,,
1,1,NPU,0,CHENAB2_NIF,195,200000,BACKPLANE,,,,0,1,-10,52,0,,,55,,,
1,1,NPU,0,CHENAB2_NIF,196,200000,BACKPLANE,,,,0,1,-10,52,0,,,55,,,
1,1,NPU,0,CHENAB2_NIF,197,200000,BACKPLANE,,,,0,1,-10,52,0,,,55,,,
1,1,NPU,0,CHENAB2_NIF,198,200000,BACKPLANE,,,,0,1,-10,52,0,,,55,,,
1,1,NPU,0,CHENAB2_NIF,199,200000,BACKPLANE,,,,0,1,-10,52,0,,,55,,,
1,1,NPU,0,CHENAB2_NIF,200,200000,BACKPLANE,,,,0,1,-10,52,0,,,55,,,
1,1,NPU,0,CHENAB2_NIF,201,200000,BACKPLANE,,,,0,1,-10,52,0,,,55,,,
1,1,NPU,0,CHENAB2_NIF,202,200000,BACKPLANE,,,,0,1,-10,52,0,,,55,,,
1,1,NPU,0,CHENAB2_NIF,203,200000,BACKPLANE,,,,0,1,-10,52,0,,,55,,,
1,1,NPU,0,CHENAB2_NIF,204,200000,BACKPLANE,,,,0,1,-10,52,0,,,55,,,
1,1,NPU,0,CHENAB2_NIF,205,200000,BACKPLANE,,,,0,1,-10,52,0,,,55,,,
1,1,NPU,0,CHENAB2_NIF,206,200000,BACKPLANE,,,,0,1,-10,52,0,,,55,,,
1,1,NPU,0,CHENAB2_NIF,207,200000,BACKPLANE,,,,0,1,-10,52,0,,,55,,,
1,1,NPU,0,CHENAB2_NIF,208,200000,BACKPLANE,,,,0,1,-10,52,0,,,55,,,
1,1,NPU,0,CHENAB2_NIF,209,200000,BACKPLANE,,,,0,1,-10,52,0,,,55,,,
1,1,NPU,0,CHENAB2_NIF,210,200000,BACKPLANE,,,,0,1,-10,52,0,,,55,,,
1,1,NPU,0,CHENAB2_NIF,211,200000,BACKPLANE,,,,0,1,-10,52,0,,,55,,,
1,1,NPU,0,CHENAB2_NIF,212,200000,BACKPLANE,,,,0,1,-10,52,0,,,55,,,
1,1,NPU,0,CHENAB2_NIF,213,200000,BACKPLANE,,,,0,1,-10,52,0,,,55,,,
1,1,NPU,0,CHENAB2_NIF,214,200000,BACKPLANE,,,,0,1,-10,52,0,,,55,,,
1,1,NPU,0,CHENAB2_NIF,215,200000,BACKPLANE,,,,0,1,-10,52,0,,,55,,,
1,1,NPU,0,CHENAB2_NIF,216,200000,BACKPLANE,,,,0,1,-10,52,0,,,55,,,
1,1,NPU,0,CHENAB2_NIF,217,200000,BACKPLANE,,,,0,1,-10,52,0,,,55,,,
1,1,NPU,0,CHENAB2_NIF,218,200000,BACKPLANE,,,,0,1,-10,52,0,,,55,,,
1,1,NPU,0,CHENAB2_NIF,219,200000,BACKPLANE,,,,0,1,-10,52,0,,,55,,,
1,1,NPU,0,CHENAB2_NIF,220,200000,BACKPLANE,,,,0,1,-10,52,0,,,55,,,
1,1,NPU,0,CHENAB2_NIF,221,200000,BACKPLANE,,,,0,1,-10,52,0,,,55,,,
1,1,NPU,0,CHENAB2_NIF,222,200000,BACKPLANE,,,,0,1,-10,52,0,,,55,,,
1,1,NPU,0,CHENAB2_NIF,223,200000,BACKPLANE,,,,0,1,-10,52,0,,,55,,,
1,1,NPU,0,CHENAB2_NIF,224,200000,BACKPLANE,,,,0,1,-10,52,0,,,55,,,
1,1,NPU,0,CHENAB2_NIF,225,200000,BACKPLANE,,,,0,1,-10,52,0,,,55,,,
1,1,NPU,0,CHENAB2_NIF,226,200000,BACKPLANE,,,,0,1,-10,52,0,,,55,,,
1,1,NPU,0,CHENAB2_NIF,227,200000,BACKPLANE,,,,0,1,-10,52,0,,,55,,,
1,1,NPU,0,CHENAB2_NIF,228,200000,BACKPLANE,,,,0,1,-10,52,0,,,55,,,
1,1,NPU,0,CHENAB2_NIF,229,200000,BACKPLANE,,,,0,1,-10,52,0,,,55,,,
1,1,NPU,0,CHENAB2_NIF,230,200000,BACKPLANE,,,,0,1,-10,52,0,,,55,,,
1,1,NPU,0,CHENAB2_NIF,231,200000,BACKPLANE,,,,0,1,-10,52,0,,,55,,,
1,1,NPU,0,CHENAB2_NIF,232,200000,BACKPLANE,,,,0,1,-10,52,0,,,55,,,
1,1,NPU,0,CHENAB2_NIF,233,200000,BACKPLANE,,,,0,1,-10,52,0,,,55,,,
1,1,NPU,0,CHENAB2_NIF,234,200000,BACKPLANE,,,,0,1,-10,52,0,,,55,,,
1,1,NPU,0,CHENAB2_NIF,235,200000,BACKPLANE,,,,0,1,-10,52,0,,,55,,,
1,1,NPU,0,CHENAB2_NIF,236,200000,BACKPLANE,,,,0,1,-10,52,0,,,55,,,
1,1,NPU,0,CHENAB2_NIF,237,200000,BACKPLANE,,,,0,1,-10,52,0,,,55,,,
1,1,NPU,0,CHENAB2_NIF,238,200000,BACKPLANE,,,,0,1,-10,52,0,,,55,,,
1,1,NPU,0,CHENAB2_NIF,239,200000,BACKPLANE,,,,0,1,-10,52,0,,,55,,,
1,1,NPU,0,CHENAB2_NIF,240,200000,BACKPLANE,,,,0,1,-10,52,0,,,55,,,
1,1,NPU,0,CHENAB2_NIF,241,200000,BACKPLANE,,,,0,1,-10,52,0,,,55,,,
1,1,NPU,0,CHENAB2_NIF,242,200000,BACKPLANE,,,,0,1,-10,52,0,,,55,,,
1,1,NPU,0,CHENAB2_NIF,243,200000,BACKPLANE,,,,0,1,-10,52,0,,,55,,,
1,1,NPU,0,CHENAB2_NIF,244,200000,BACKPLANE,,,,0,1,-10,52,0,,,55,,,
1,1,NPU,0,CHENAB2_NIF,245,200000,BACKPLANE,,,,0,1,-10,52,0,,,55,,,
1,1,NPU,0,CHENAB2_NIF,246,200000,BACKPLANE,,,,0,1,-10,52,0,,,55,,,
1,1,NPU,0,CHENAB2_NIF,247,200000,BACKPLANE,,,,0,1,-10,52,0,,,55,,,
1,1,NPU,0,CHENAB2_NIF,248,200000,BACKPLANE,,,,0,1,-10,52,0,,,55,,,
1,1,NPU,0,CHENAB2_NIF,249,200000,BACKPLANE,,,,0,1,-10,52,0,,,55,,,
1,1,NPU,0,CHENAB2_NIF,250,200000,BACKPLANE,,,,0,1,-10,52,0,,,55,,,
1,1,NPU,0,CHENAB2_NIF,251,200000,BACKPLANE,,,,0,1,-10,52,0,,,55,,,
1,1,NPU,0,CHENAB2_NIF,252,200000,BACKPLANE,,,,0,1,-10,52,0,,,55,,,
1,1,NPU,0,CHENAB2_NIF,253,200000,BACKPLANE,,,,0,1,-10,52,0,,,55,,,
1,1,NPU,0,CHENAB2_NIF,254,200000,BACKPLANE,,,,0,1,-10,52,0,,,55,,,
1,1,NPU,0,CHENAB2_NIF,255,200000,BACKPLANE,,,,0,1,-10,52,0,,,55,,,
1,1,NPU,0,CHENAB2_NIF,256,200000,BACKPLANE,,,,0,1,-10,52,0,,,55,,,
1,1,NPU,0,CHENAB2_NIF,257,200000,BACKPLANE,,,,0,1,-10,52,0,,,55,,,
1,1,NPU,0,CHENAB2_NIF,258,200000,BACKPLANE,,,,0,1,-10,52,0,,,55,,,
1,1,NPU,0,CHENAB2_NIF,259,200000,BACKPLANE,,,,0,1,-10,52,0,,,55,,,
1,1,NPU,0,CHENAB2_NIF,260,200000,BACKPLANE,,,,0,1,-10,52,0,,,55,,,
1,1,NPU,0,CHENAB2_NIF,261,200000,BACKPLANE,,,,0,1,-10,52,0,,,55,,,
1,1,NPU,0,CHENAB2_NIF,262,200000,BACKPLANE,,,,0,1,-10,52,0,,,55,,,
1,1,NPU,0,CHENAB2_NIF,263,200000,BACKPLANE,,,,0,1,-10,52,0,,,55,,,
1,1,NPU,0,CHENAB2_NIF,264,200000,BACKPLANE,,,,0,1,-10,52,0,,,55,,,
1,1,NPU,0,CHENAB2_NIF,265,200000,BACKPLANE,,,,0,1,-10,52,0,,,55,,,
1,1,NPU,0,CHENAB2_NIF,266,200000,BACKPLANE,,,,0,1,-10,52,0,,,55,,,
1,1,NPU,0,CHENAB2_NIF,267,200000,BACKPLANE,,,,0,1,-10,52,0,,,55,,,
1,1,NPU,0,CHENAB2_NIF,268,200000,BACKPLANE,,,,0,1,-10,52,0,,,55,,,
1,1,NPU,0,CHENAB2_NIF,269,200000,BACKPLANE,,,,0,1,-10,52,0,,,55,,,
1,1,NPU,0,CHENAB2_NIF,270,200000,BACKPLANE,,,,0,1,-10,52,0,,,55,,,
1,1,NPU,0,CHENAB2_NIF,271,200000,BACKPLANE,,,,0,1,-10,52,0,,,55,,,
1,1,NPU,0,CHENAB2_NIF,272,200000,BACKPLANE,,,,0,1,-10,52,0,,,55,,,
1,1,NPU,0,CHENAB2_NIF,273,200000,BACKPLANE,,,,0,1,-10,52,0,,,55,,,
1,1,NPU,0,CHENAB2_NIF,274,200000,BACKPLANE,,,,0,1,-10,52,0,,,55,,,
1,1,NPU,0,CHENAB2_NIF,275,200000,BACKPLANE,,,,0,1,-10,52,0,,,55,,,
1,1,NPU,0,CHENAB2_NIF,276,200000,BACKPLANE,,,,0,1,-10,52,0,,,55,,,
1,1,NPU,0,CHENAB2_NIF,277,200000,BACKPLANE,,,,0,1,-10,52,0,,,55,,,
1,1,NPU,0,CHENAB2_NIF,278,200000,BACKPLANE,,,,0,1,-10,52,0,,,55,,,
1,1,NPU,0,CHENAB2_NIF,279,200000,BACKPLANE,,,,0,1,-10,52,0,,,55,,,
1,1,NPU,0,CHENAB2_NIF,280,200000,BACKPLANE,,,,0,1,-10,52,0,,,55,,,
1,1,NPU,0,CHENAB2_NIF,281,200000,BACKPLANE,,,,0,1,-10,52,0,,,55,,,
1,1,NPU,0,CHENAB2_NIF,282,200000,BACKPLANE,,,,0,1,-10,52,0,,,55,,,
1,1,NPU,0,CHENAB2_NIF,283,200000,BACKPLANE,,,,0,1,-10,52,0,,,55,,,
1,1,NPU,0,CHENAB2_NIF,284,200000,BACKPLANE,,,,0,1,-10,52,0,,,55,,,
1,1,NPU,0,CHENAB2_NIF,285,200000,BACKPLANE,,,,0,1,-10,52,0,,,55,,,
1,1,NPU,0,CHENAB2_NIF,286,200000,BACKPLANE,,,,0,1,-10,52,0,,,55,,,
1,1,NPU,0,CHENAB2_NIF,287,200000,BACKPLANE,,,,0,1,-10,52,0,,,55,,,
1,1,NPU,0,CHENAB2_NIF,288,200000,BACKPLANE,,,,0,1,-10,52,0,,,55,,,
1,1,NPU,0,CHENAB2_NIF,289,200000,BACKPLANE,,,,0,1,-10,52,0,,,55,,,
1,1,NPU,0,CHENAB2_NIF,290,200000,BACKPLANE,,,,0,1,-10,52,0,,,55,,,
1,1,NPU,0,CHENAB2_NIF,291,200000,BACKPLANE,,,,0,1,-10,52,0,,,55,,,
1,1,NPU,0,CHENAB2_NIF,292,200000,BACKPLANE,,,,0,1,-10,52,0,,,55,,,
1,1,NPU,0,CHENAB2_NIF,293,200000,BACKPLANE,,,,0,1,-10,52,0,,,55,,,
1,1,NPU,0,CHENAB2_NIF,294,200000,BACKPLANE,,,,0,1,-10,52,0,,,55,,,
1,1,NPU,0,CHENAB2_NIF,295,200000,BACKPLANE,,,,0,1,-10,52,0,,,55,,,
1,1,NPU,0,CHENAB2_NIF,296,200000,BACKPLANE,,,,0,1,-10,52,0,,,55,,,
1,1,NPU,0,CHENAB2_NIF,297,200000,BACKPLANE,,,,0,1,-10,52,0,,,55,,,
1,1,NPU,0,CHENAB2_NIF,298,200000,BACKPLANE,,,,0,1,-10,52,0,,,55,,,
1,1,NPU,0,CHENAB2_NIF,299,200000,BACKPLANE,,,,0,1,-10,52,0,,,55,,,
1,1,NPU,0,CHENAB2_NIF,300,200000,BACKPLANE,,,,0,1,-10,52,0,,,55,,,
1,1,NPU,0,CHENAB2_NIF,301,200000,BACKPLANE,,,,0,1,-10,52,0,,,55,,,
1,1,NPU,0,CHENAB2_NIF,302,200000,BACKPLANE,,,,0,1,-10,52,0,,,55,,,
1,1,NPU,0,CHENAB2_NIF,303,200000,BACKPLANE,,,,0,1,-10,52,0,,,55,,,
1,1,NPU,0,CHENAB2_NIF,304,200000,BACKPLANE,,,,0,1,-10,52,0,,,55,,,
1,1,NPU,0,CHENAB2_NIF,305,200000,BACKPLANE,,,,0,1,-10,52,0,,,55,,,
1,1,NPU,0,CHENAB2_NIF,306,200000,BACKPLANE,,,,0,1,-10,52,0,,,55,,,
1,1,NPU,0,CHENAB2_NIF,307,200000,BACKPLANE,,,,0,1,-10,52,0,,,55,,,
1,1,NPU,0,CHENAB2_NIF,308,200000,BACKPLANE,,,,0,1,-10,52,0,,,55,,,
1,1,NPU,0,CHENAB2_NIF,309,200000,BACKPLANE,,,,0,1,-10,52,0,,,55,,,
1,1,NPU,0,CHENAB2_NIF,310,200000,BACKPLANE,,,,0,1,-10,52,0,,,55,,,
1,1,NPU,0,CHENAB2_NIF,311,200000,BACKPLANE,,,,0,1,-10,52,0,,,55,,,
1,1,NPU,0,CHENAB2_NIF,312,200000,BACKPLANE,,,,0,1,-10,52,0,,,55,,,
1,1,NPU,0,CHENAB2_NIF,313,200000,BACKPLANE,,,,0,1,-10,52,0,,,55,,,
1,1,NPU,0,CHENAB2_NIF,314,200000,BACKPLANE,,,,0,1,-10,52,0,,,55,,,
1,1,NPU,0,CHENAB2_NIF,315,200000,BACKPLANE,,,,0,1,-10,52,0,,,55,,,
1,1,NPU,0,CHENAB2_NIF,316,200000,BACKPLANE,,,,0,1,-10,52,0,,,55,,,
1,1,NPU,0,CHENAB2_NIF,317,200000,BACKPLANE,,,,0,1,-10,52,0,,,55,,,
1,1,NPU,0,CHENAB2_NIF,318,200000,BACKPLANE,,,,0,1,-10,52,0,,,55,,,
1,1,NPU,0,CHENAB2_NIF,319,200000,BACKPLANE,,,,0,1,-10,52,0,,,55,,,
1,1,NPU,0,CHENAB2_NIF,320,200000,BACKPLANE,,,,0,1,-10,52,0,,,55,,,
1,1,NPU,0,CHENAB2_NIF,321,200000,BACKPLANE,,,,0,1,-10,52,0,,,55,,,
1,1,NPU,0,CHENAB2_NIF,322,200000,BACKPLANE,,,,0,1,-10,52,0,,,55,,,
1,1,NPU,0,CHENAB2_NIF,323,200000,BACKPLANE,,,,0,1,-10,52,0,,,55,,,
1,1,NPU,0,CHENAB2_NIF,324,200000,BACKPLANE,,,,0,1,-10,52,0,,,55,,,
1,1,NPU,0,CHENAB2_NIF,325,200000,BACKPLANE,,,,0,1,-10,52,0,,,55,,,
1,1,NPU,0,CHENAB2_NIF,326,200000,BACKPLANE,,,,0,1,-10,52,0,,,55,,,
1,1,NPU,0,CHENAB2_NIF,327,200000,BACKPLANE,,,,0,1,-10,52,0,,,55,,,
1,1,NPU,0,CHENAB2_NIF,328,200000,BACKPLANE,,,,0,1,-10,52,0,,,55,,,
1,1,NPU,0,CHENAB2_NIF,329,200000,BACKPLANE,,,,0,1,-10,52,0,,,55,,,
1,1,NPU,0,CHENAB2_NIF,330,200000,BACKPLANE,,,,0,1,-10,52,0,,,55,,,
1,1,NPU,0,CHENAB2_NIF,331,200000,BACKPLANE,,,,0,1,-10,52,0,,,55,,,
1,1,NPU,0,CHENAB2_NIF,332,200000,BACKPLANE,,,,0,1,-10,52,0,,,55,,,
1,1,NPU,0,CHENAB2_NIF,333,200000,BACKPLANE,,,,0,1,-10,52,0,,,55,,,
1,1,NPU,0,CHENAB2_NIF,334,200000,BACKPLANE,,,,0,1,-10,52,0,,,55,,,
1,1,NPU,0,CHENAB2_NIF,335,200000,BACKPLANE,,,,0,1,-10,52,0,,,55,,,
1,1,NPU,0,CHENAB2_NIF,336,200000,BACKPLANE,,,,0,1,-10,52,0,,,55,,,
1,1,NPU,0,CHENAB2_NIF,337,200000,BACKPLANE,,,,0,1,-10,52,0,,,55,,,
1,1,NPU,0,CHENAB2_NIF,338,200000,BACKPLANE,,,,0,1,-10,52,0,,,55,,,
1,1,NPU,0,CHENAB2_NIF,339,200000,BACKPLANE,,,,0,1,-10,52,0,,,55,,,
1,1,NPU,0,CHENAB2_NIF,340,200000,BACKPLANE,,,,0,1,-10,52,0,,,55,,,
1,1,NPU,0,CHENAB2_NIF,341,200000,BACKPLANE,,,,0,1,-10,52,0,,,55,,,
1,1,NPU,0,CHENAB2_NIF,342,200000,BACKPLANE,,,,0,1,-10,52,0,,,55,,,
1,1,NPU,0,CHENAB2_NIF,343,200000,BACKPLANE,,,,0,1,-10,52,0,,,55,,,
1,1,NPU,0,CHENAB2_NIF,344,200000,BACKPLANE,,,,0,1,-10,52,0,,,55,,,
1,1,NPU,0,CHENAB2_NIF,345,200000,BACKPLANE,,,,0,1,-10,52,0,,,55,,,
1,1,NPU,0,CHENAB2_NIF,346,200000,BACKPLANE,,,,0,1,-10,52,0,,,55,,,
1,1,NPU,0,CHENAB2_NIF,347,200000,BACKPLANE,,,,0,1,-10,52,0,,,55,,,
1,1,NPU,0,CHENAB2_NIF,348,200000,BACKPLANE,,,,0,1,-10,52,0,,,55,,,
1,1,NPU,0,CHENAB2_NIF,349,200000,BACKPLANE,,,,0,1,-10,52,0,,,55,,,
1,1,NPU,0,CHENAB2_NIF,350,200000,BACKPLANE,,,,0,1,-10,52,0,,,55,,,
1,1,NPU,0,CHENAB2_NIF,351,200000,BACKPLANE,,,,0,1,-10,52,0,,,55,,,
1,1,NPU,0,CHENAB2_NIF,352,200000,BACKPLANE,,,,0,1,-10,52,0,,,55,,,
1,1,NPU,0,CHENAB2_NIF,353,200000,BACKPLANE,,,,0,1,-10,52,0,,,55,,,
1,1,NPU,0,CHENAB2_NIF,354,200000,BACKPLANE,,,,0,1,-10,52,0,,,55,,,
1,1,NPU,0,CHENAB2_NIF,355,200000,BACKPLANE,,,,0,1,-10,52,0,,,55,,,
1,1,NPU,0,CHENAB2_NIF,356,200000,BACKPLANE,,,,0,1,-10,52,0,,,55,,,
1,1,NPU,0,CHENAB2_NIF,357,200000,BACKPLANE,,,,0,1,-10,52,0,,,55,,,
1,1,NPU,0,CHENAB2_NIF,358,200000,BACKPLANE,,,,0,1,-10,52,0,,,55,,,
1,1,NPU,0,CHENAB2_NIF,359,200000,BACKPLANE,,,,0,1,-10,52,0,,,55,,,
1,1,NPU,0,CHENAB2_NIF,360,200000,BACKPLANE,,,,0,1,-10,52,0,,,55,,,
1,1,NPU,0,CHENAB2_NIF,361,200000,BACKPLANE,,,,0,1,-10,52,0,,,55,,,
1,1,NPU,0,CHENAB2_NIF,362,200000,BACKPLANE,,,,0,1,-10,52,0,,,55,,,
1,1,NPU,0,CHENAB2_NIF,363,200000,BACKPLANE,,,,0,1,-10,52,0,,,55,,,
1,1,NPU,0,CHENAB2_NIF,364,200000,BACKPLANE,,,,0,1,-10,52,0,,,55,,,
1,1,NPU,0,CHENAB2_NIF,365,200000,BACKPLANE,,,,0,1,-10,52,0,,,55,,,
1,1,NPU,0,CHENAB2_NIF,366,200000,BACKPLANE,,,,0,1,-10,52,0,,,55,,,
1,1,NPU,0,CHENAB2_NIF,367,200000,BACKPLANE,,,,0,1,-10,52,0,,,55,,,
1,1,NPU,0,CHENAB2_NIF,368,200000,BACKPLANE,,,,0,1,-10,52,0,,,55,,,
1,1,NPU,0,CHENAB2_NIF,369,200000,BACKPLANE,,,,0,1,-10,52,0,,,55,,,
1,1,NPU,0,CHENAB2_NIF,370,200000,BACKPLANE,,,,0,1,-10,52,0,,,55,,,
1,1,NPU,0,CHENAB2_NIF,371,200000,BACKPLANE,,,,0,1,-10,52,0,,,55,,,
1,1,NPU,0,CHENAB2_NIF,372,200000,BACKPLANE,,,,0,1,-10,52,0,,,55,,,
1,1,NPU,0,CHENAB2_NIF,373,200000,BACKPLANE,,,,0,1,-10,52,0,,,55,,,
1,1,NPU,0,CHENAB2_NIF,374,200000,BACKPLANE,,,,0,1,-10,52,0,,,55,,,
1,1,NPU,0,CHENAB2_NIF,375,200000,BACKPLANE,,,,0,1,-10,52,0,,,55,,,
1,1,NPU,0,CHENAB2_NIF,376,200000,BACKPLANE,,,,0,1,-10,52,0,,,55,,,
1,1,NPU,0,CHENAB2_NIF,377,200000,BACKPLANE,,,,0,1,-10,52,0,,,55,,,
1,1,NPU,0,CHENAB2_NIF,378,200000,BACKPLANE,,,,0,1,-10,52,0,,,55,,,
1,1,NPU,0,CHENAB2_NIF,379,200000,BACKPLANE,,,,0,1,-10,52,0,,,55,,,
1,1,NPU,0,CHENAB2_NIF,380,200000,BACKPLANE,,,,0,1,-10,52,0,,,55,,,
1,1,NPU,0,CHENAB2_NIF,381,200000,BACKPLANE,,,,0,1,-10,52,0,,,55,,,
1,1,NPU,0,CHENAB2_NIF,382,200000,BACKPLANE,,,,0,1,-10,52,0,,,55,,,
1,1,NPU,0,CHENAB2_NIF,383,200000,BACKPLANE,,,,0,1,-10,52,0,,,55,,,
1,1,NPU,0,CHENAB2_NIF,384,200000,BACKPLANE,,,,0,1,-11,51,0,,,55,,,
1,1,NPU,0,CHENAB2_NIF,385,200000,BACKPLANE,,,,0,1,-11,51,0,,,55,,,
1,1,NPU,0,CHENAB2_NIF,386,200000,BACKPLANE,,,,0,1,-11,51,0,,,55,,,
1,1,NPU,0,CHENAB2_NIF,387,200000,BACKPLANE,,,,0,1,-11,51,0,,,55,,,
1,1,NPU,0,CHENAB2_NIF,388,200000,BACKPLANE,,,,0,1,-11,51,0,,,55,,,
1,1,NPU,0,CHENAB2_NIF,389,200000,BACKPLANE,,,,0,1,-11,51,0,,,55,,,
1,1,NPU,0,CHENAB2_NIF,390,200000,BACKPLANE,,,,0,1,-11,51,0,,,55,,,
1,1,NPU,0,CHENAB2_NIF,391,200000,BACKPLANE,,,,0,1,-11,51,0,,,55,,,
1,1,NPU,0,CHENAB2_NIF,392,200000,BACKPLANE,,,,0,1,-11,51,0,,,55,,,
1,1,NPU,0,CHENAB2_NIF,393,200000,BACKPLANE,,,,0,1,-11,51,0,,,55,,,
1,1,NPU,0,CHENAB2_NIF,394,200000,BACKPLANE,,,,0,1,-11,51,0,,,55,,,
1,1,NPU,0,CHENAB2_NIF,395,200000,BACKPLANE,,,,0,1,-11,51,0,,,55,,,
1,1,NPU,0,CHENAB2_NIF,396,200000,BACKPLANE,,,,0,1,-11,51,0,,,55,,,
1,1,NPU,0,CHENAB2_NIF,397,200000,BACKPLANE,,,,0,1,-11,51,0,,,55,,,
1,1,NPU,0,CHENAB2_NIF,398,200000,BACKPLANE,,,,0,1,-11,51,0,,,55,,,
1,1,NPU,0,CHENAB2_NIF,399,200000,BACKPLANE,,,,0,1,-11,51,0,,,55,,,
1,1,NPU,0,CHENAB2_NIF,400,200000,BACKPLANE,,,,0,1,-11,51,0,,,55,,,
1,1,NPU,0,CHENAB2_NIF,401,200000,BACKPLANE,,,,0,1,-11,51,0,,,55,,,
1,1,NPU,0,CHENAB2_NIF,402,200000,BACKPLANE,,,,0,1,-11,51,0,,,55,,,
1,1,NPU,0,CHENAB2_NIF,403,200000,BACKPLANE,,,,0,1,-11,51,0,,,55,,,
1,1,NPU,0,CHENAB2_NIF,404,200000,BACKPLANE,,,,0,1,-11,51,0,,,55,,,
1,1,NPU,0,CHENAB2_NIF,405,200000,BACKPLANE,,,,0,1,-11,51,0,,,55,,,
1,1,NPU,0,CHENAB2_NIF,406,200000,BACKPLANE,,,,0,1,-11,51,0,,,55,,,
1,1,NPU,0,CHENAB2_NIF,407,200000,BACKPLANE,,,,0,1,-11,51,0,,,55,,,
1,1,NPU,0,CHENAB2_NIF,408,200000,BACKPLANE,,,,0,1,-11,51,0,,,55,,,
1,1,NPU,0,CHENAB2_NIF,409,200000,BACKPLANE,,,,0,1,-11,51,0,,,55,,,
1,1,NPU,0,CHENAB2_NIF,410,200000,BACKPLANE,,,,0,1,-11,51,0,,,55,,,
1,1,NPU,0,CHENAB2_NIF,411,200000,BACKPLANE,,,,0,1,-11,51,0,,,55,,,
1,1,NPU,0,CHENAB2_NIF,412,200000,BACKPLANE,,,,0,1,-11,51,0,,,55,,,
1,1,NPU,0,CHENAB2_NIF,413,200000,BACKPLANE,,,,0,1,-11,51,0,,,55,,,
1,1,NPU,0,CHENAB2_NIF,414,200000,BACKPLANE,,,,0,1,-11,51,0,,,55,,,
1,1,NPU,0,CHENAB2_NIF,415,200000,BACKPLANE,,,,0,1,-11,51,0,,,55,,,
1,1,NPU,0,CHENAB2_NIF,416,200000,BACKPLANE,,,,0,1,-11,51,0,,,55,,,
1,1,NPU,0,CHENAB2_NIF,417,200000,BACKPLANE,,,,0,1,-11,51,0,,,55,,,
1,1,NPU,0,CHENAB2_NIF,418,200000,BACKPLANE,,,,0,1,-11,51,0,,,55,,,
1,1,NPU,0,CHENAB2_NIF,419,200000,BACKPLANE,,,,0,1,-11,51,0,,,55,,,
1,1,NPU,0,CHENAB2_NIF,420,200000,BACKPLANE,,,,0,1,-11,51,0,,,55,,,
1,1,NPU,0,CHENAB2_NIF,421,200000,BACKPLANE,,,,0,1,-11,51,0,,,55,,,
1,1,NPU,0,CHENAB2_NIF,422,200000,BACKPLANE,,,,0,1,-11,51,0,,,55,,,
1,1,NPU,0,CHENAB2_NIF,423,200000,BACKPLANE,,,,0,1,-11,51,0,,,55,,,
1,1,NPU,0,CHENAB2_NIF,424,200000,BACKPLANE,,,,0,1,-11,51,0,,,55,,,
1,1,NPU,0,CHENAB2_NIF,425,200000,BACKPLANE,,,,0,1,-11,51,0,,,55,,,
1,1,NPU,0,CHENAB2_NIF,426,200000,BACKPLANE,,,,0,1,-11,51,0,,,55,,,
1,1,NPU,0,CHENAB2_NIF,427,200000,BACKPLANE,,,,0,1,-11,51,0,,,55,,,
1,1,NPU,0,CHENAB2_NIF,428,200000,BACKPLANE,,,,0,1,-11,51,0,,,55,,,
1,1,NPU,0,CHENAB2_NIF,429,200000,BACKPLANE,,,,0,1,-11,51,0,,,55,,,
1,1,NPU,0,CHENAB2_NIF,430,200000,BACKPLANE,,,,0,1,-11,51,0,,,55,,,
1,1,NPU,0,CHENAB2_NIF,431,200000,BACKPLANE,,,,0,1,-11,51,0,,,55,,,
1,1,NPU,0,CHENAB2_NIF,432,200000,BACKPLANE,,,,0,1,-11,51,0,,,55,,,
1,1,NPU,0,CHENAB2_NIF,433,200000,BACKPLANE,,,,0,1,-11,51,0,,,55,,,
1,1,NPU,0,CHENAB2_NIF,434,200000,BACKPLANE,,,,0,1,-11,51,0,,,55,,,
1,1,NPU,0,CHENAB2_NIF,435,200000,BACKPLANE,,,,0,1,-11,51,0,,,55,,,
1,1,NPU,0,CHENAB2_NIF,436,200000,BACKPLANE,,,,0,1,-11,51,0,,,55,,,
1,1,NPU,0,CHENAB2_NIF,437,200000,BACKPLANE,,,,0,1,-11,51,0,,,55,,,
1,1,NPU,0,CHENAB2_NIF,438,200000,BACKPLANE,,,,0,1,-11,51,0,,,55,,,
1,1,NPU,0,CHENAB2_NIF,439,200000,BACKPLANE,,,,0,1,-11,51,0,,,55,,,
1,1,NPU,0,CHENAB2_NIF,440,200000,BACKPLANE,,,,0,1,-11,51,0,,,55,,,
1,1,NPU,0,CHENAB2_NIF,441,200000,BACKPLANE,,,,0,1,-11,51,0,,,55,,,
1,1,NPU,0,CHENAB2_NIF,442,200000,BACKPLANE,,,,0,1,-11,51,0,,,55,,,
1,1,NPU,0,CHENAB2_NIF,443,200000,BACKPLANE,,,,0,1,-11,51,0,,,55,,,
1,1,NPU,0,CHENAB2_NIF,444,200000,BACKPLANE,,,,0,1,-11,51,0,,,55,,,
1,1,NPU,0,CHENAB2_NIF,445,200000,BACKPLANE,,,,0,1,-11,51,0,,,55,,,
1,1,NPU,0,CHENAB2_NIF,446,200000,BACKPLANE,,,,0,1,-11,51,0,,,55,,,
1,1,NPU,0,CHENAB2_NIF,447,200000,BACKPLANE,,,,0,1,-11,51,0,,,55,,,
1,1,NPU,0,CHENAB2_NIF,448,200000,BACKPLANE,,,,0,1,-11,51,0,,,55,,,
1,1,NPU,0,CHENAB2_NIF,449,200000,BACKPLANE,,,,0,1,-11,51,0,,,55,,,
1,1,NPU,0,CHENAB2_NIF,450,200000,BACKPLANE,,,,0,1,-11,51,0,,,55,,,
1,1,NPU,0,CHENAB2_NIF,451,200000,BACKPLANE,,,,0,1,-11,51,0,,,55,,,
1,1,NPU,0,CHENAB2_NIF,452,200000,BACKPLANE,,,,0,1,-11,51,0,,,55,,,
1,1,NPU,0,CHENAB2_NIF,453,200000,BACKPLANE,,,,0,1,-11,51,0,,,55,,,
1,1,NPU,0,CHENAB2_NIF,454,200000,BACKPLANE,,,,0,1,-11,51,0,,,55,,,
1,1,NPU,0,CHENAB2_NIF,455,200000,BACKPLANE,,,,0,1,-11,51,0,,,55,,,
1,1,NPU,0,CHENAB2_NIF,456,200000,BACKPLANE,,,,0,1,-11,51,0,,,55,,,
1,1,NPU,0,CHENAB2_NIF,457,200000,BACKPLANE,,,,0,1,-11,51,0,,,55,,,
1,1,NPU,0,CHENAB2_NIF,458,200000,BACKPLANE,,,,0,1,-11,51,0,,,55,,,
1,1,NPU,0,CHENAB2_NIF,459,200000,BACKPLANE,,,,0,1,-11,51,0,,,55,,,
1,1,NPU,0,CHENAB2_NIF,460,200000,BACKPLANE,,,,0,1,-11,51,0,,,55,,,
1,1,NPU,0,CHENAB2_NIF,461,200000,BACKPLANE,,,,0,1,-11,51,0,,,55,,,
1,1,NPU,0,CHENAB2_NIF,462,200000,BACKPLANE,,,,0,1,-11,51,0,,,55,,,
1,1,NPU,0,CHENAB2_NIF,463,200000,BACKPLANE,,,,0,1,-11,51,0,,,55,,,
1,1,NPU,0,CHENAB2_NIF,464,200000,BACKPLANE,,,,0,1,-11,51,0,,,55,,,
1,1,NPU,0,CHENAB2_NIF,465,200000,BACKPLANE,,,,0,1,-11,51,0,,,55,,,
1,1,NPU,0,CHENAB2_NIF,466,200000,BACKPLANE,,,,0,1,-11,51,0,,,55,,,
1,1,NPU,0,CHENAB2_NIF,467,200000,BACKPLANE,,,,0,1,-11,51,0,,,55,,,
1,1,NPU,0,CHENAB2_NIF,468,200000,BACKPLANE,,,,0,1,-11,51,0,,,55,,,
1,1,NPU,0,CHENAB2_NIF,469,200000,BACKPLANE,,,,0,1,-11,51,0,,,55,,,
1,1,NPU,0,CHENAB2_NIF,470,200000,BACKPLANE,,,,0,1,-11,51,0,,,55,,,
1,1,NPU,0,CHENAB2_NIF,471,200000,BACKPLANE,,,,0,1,-11,51,0,,,55,,,
1,1,NPU,0,CHENAB2_NIF,472,200000,BACKPLANE,,,,0,1,-11,51,0,,,55,,,
1,1,NPU,0,CHENAB2_NIF,473,200000,BACKPLANE,,,,0,1,-11,51,0,,,55,,,
1,1,NPU,0,CHENAB2_NIF,474,200000,BACKPLANE,,,,0,1,-11,51,0,,,55,,,
1,1,NPU,0,CHENAB2_NIF,475,200000,BACKPLANE,,,,0,1,-11,51,0,,,55,,,
1,1,NPU,0,CHENAB2_NIF,476,200000,BACKPLANE,,,,0,1,-11,51,0,,,55,,,
1,1,NPU,0,CHENAB2_NIF,477,200000,BACKPLANE,,,,0,1,-11,51,0,,,55,,,
1,1,NPU,0,CHENAB2_NIF,478,200000,BACKPLANE,,,,0,1,-11,51,0,,,55,,,
1,1,NPU,0,CHENAB2_NIF,479,200000,BACKPLANE,,,,0,1,-11,51,0,,,55,,,
1,1,NPU,0,CHENAB2_NIF,480,200000,BACKPLANE,,,,0,1,-11,51,0,,,55,,,
1,1,NPU,0,CHENAB2_NIF,481,200000,BACKPLANE,,,,0,1,-11,51,0,,,55,,,
1,1,NPU,0,CHENAB2_NIF,482,200000,BACKPLANE,,,,0,1,-11,51,0,,,55,,,
1,1,NPU,0,CHENAB2_NIF,483,200000,BACKPLANE,,,,0,1,-11,51,0,,,55,,,
1,1,NPU,0,CHENAB2_NIF,484,200000,BACKPLANE,,,,0,1,-11,51,0,,,55,,,
1,1,NPU,0,CHENAB2_NIF,485,200000,BACKPLANE,,,,0,1,-11,51,0,,,55,,,
1,1,NPU,0,CHENAB2_NIF,486,200000,BACKPLANE,,,,0,1,-11,51,0,,,55,,,
1,1,NPU,0,CHENAB2_NIF,487,200000,BACKPLANE,,,,0,1,-11,51,0,,,55,,,
1,1,NPU,0,CHENAB2_NIF,488,200000,BACKPLANE,,,,0,1,-11,51,0,,,55,,,
1,1,NPU,0,CHENAB2_NIF,489,200000,BACKPLANE,,,,0,1,-11,51,0,,,55,,,
1,1,NPU,0,CHENAB2_NIF,490,200000,BACKPLANE,,,,0,1,-11,51,0,,,55,,,
1,1,NPU,0,CHENAB2_NIF,491,200000,BACKPLANE,,,,0,1,-11,51,0,,,55,,,
1,1,NPU,0,CHENAB2_NIF,492,200000,BACKPLANE,,,,0,1,-11,51,0,,,55,,,
1,1,NPU,0,CHENAB2_NIF,493,200000,BACKPLANE,,,,0,1,-11,51,0,,,55,,,
1,1,NPU,0,CHENAB2_NIF,494,200000,BACKPLANE,,,,0,1,-11,51,0,,,55,,,
1,1,NPU,0,CHENAB2_NIF,495,200000,BACKPLANE,,,,0,1,-11,51,0,,,55,,,
1,1,NPU,0,CHENAB2_NIF,496,200000,BACKPLANE,,,,0,1,-11,51,0,,,55,,,
1,1,NPU,0,CHENAB2_NIF,497,200000,BACKPLANE,,,,0,1,-11,51,0,,,55,,,
1,1,NPU,0,CHENAB2_NIF,498,200000,BACKPLANE,,,,0,1,-11,51,0,,,55,,,
1,1,NPU,0,CHENAB2_NIF,499,200000,BACKPLANE,,,,0,1,-11,51,0,,,55,,,
1,1,NPU,0,CHENAB2_NIF,500,200000,BACKPLANE,,,,0,1,-11,51,0,,,55,,,
1,1,NPU,0,CHENAB2_NIF,501,200000,BACKPLANE,,,,0,1,-11,51,0,,,55,,,
1,1,NPU,0,CHENAB2_NIF,502,200000,BACKPLANE,,,,0,1,-11,51,0,,,55,,,
1,1,NPU,0,CHENAB2_NIF,503,200000,BACKPLANE,,,,0,1,-11,51,0,,,55,,,
1,1,NPU,0,CHENAB2_NIF,504,200000,BACKPLANE,,,,0,1,-11,51,0,,,55,,,
1,1,NPU,0,CHENAB2_NIF,505,200000,BACKPLANE,,,,0,1,-11,51,0,,,55,,,
1,1,NPU,0,CHENAB2_NIF,506,200000,BACKPLANE,,,,0,1,-11,51,0,,,55,,,
1,1,NPU,0,CHENAB2_NIF,507,200000,BACKPLANE,,,,0,1,-11,51,0,,,55,,,
1,1,NPU,0,CHENAB2_NIF,508,200000,BACKPLANE,,,,0,1,-11,51,0,,,55,,,
1,1,NPU,0,CHENAB2_NIF,509,200000,BACKPLANE,,,,0,1,-11,51,0,,,55,,,
1,1,NPU,0,CHENAB2_NIF,510,200000,BACKPLANE,,,,0,1,-11,51,0,,,55,,,
1,1,NPU,0,CHENAB2_NIF,511,200000,BACKPLANE,,,,0,1,-11,51,0,,,55,,,
1,1,NPU,0,CHENAB2_NIF,0,100000,BACKPLANE,,,,0,0,-2,51,-10,,,55,,,
1,1,NPU,0,CHENAB2_NIF,1,100000,BACKPLANE,,,,0,0,-2,51,-10,,,55,,,
1,1,NPU,0,CHENAB2_NIF,2,100000,BACKPLANE,,,,0,0,-2,51,-10,,,55,,,
1,1,NPU,0,CHENAB2_NIF,3,100000,BACKPLANE,,,,0,0,-2,51,-10,,,55,,,
1,1,NPU,0,CHENAB2_NIF,4,100000,BACKPLANE,,,,0,0,-2,51,-10,,,55,,,
1,1,NPU,0,CHENAB2_NIF,5,100000,BACKPLANE,,,,0,0,-2,51,-10,,,55,,,
1,1,NPU,0,CHENAB2_NIF,6,100000,BACKPLANE,,,,0,0,-2,51,-10,,,55,,,
1,1,NPU,0,CHENAB2_NIF,7,100000,BACKPLANE,,,,0,0,-2,51,-10,,,55,,,
1,1,NPU,0,CHENAB2_NIF,8,100000,BACKPLANE,,,,0,0,-2,51,-10,,,55,,,
1,1,NPU,0,CHENAB2_NIF,9,100000,BACKPLANE,,,,0,0,-2,51,-10,,,55,,,
1,1,NPU,0,CHENAB2_NIF,10,100000,BACKPLANE,,,,0,0,-2,51,-10,,,55,,,
1,1,NPU,0,CHENAB2_NIF,11,100000,BACKPLANE,,,,0,0,-2,51,-10,,,55,,,
1,1,NPU,0,CHENAB2_NIF,12,100000,BACKPLANE,,,,0,0,-2,51,-10,,,55,,,
1,1,NPU,0,CHENAB2_NIF,13,100000,BACKPLANE,,,,0,0,-2,51,-10,,,55,,,
1,1,NPU,0,CHENAB2_NIF,14,100000,BACKPLANE,,,,0,0,-2,51,-10,,,55,,,
1,1,NPU,0,CHENAB2_NIF,15,100000,BACKPLANE,,,,0,0,-2,51,-10,,,55,,,
1,1,NPU,0,CHENAB2_NIF,16,100000,BACKPLANE,,,,0,0,-2,51,-10,,,55,,,
1,1,NPU,0,CHENAB2_NIF,17,100000,BACKPLANE,,,,0,0,-2,51,-10,,,55,,,
1,1,NPU,0,CHENAB2_NIF,18,100000,BACKPLANE,,,,0,0,-2,51,-10,,,55,,,
1,1,NPU,0,CHENAB2_NIF,19,100000,BACKPLANE,,,,0,0,-2,51,-10,,,55,,,
1,1,NPU,0,CHENAB2_NIF,20,100000,BACKPLANE,,,,0,0,-2,51,-10,,,55,,,
1,1,NPU,0,CHENAB2_NIF,21,100000,BACKPLANE,,,,0,0,-2,51,-10,,,55,,,
1,1,NPU,0,CHENAB2_NIF,22,100000,BACKPLANE,,,,0,0,-2,51,-10,,,55,,,
1,1,NPU,0,CHENAB2_NIF,23,100000,BACKPLANE,,,,0,0,-2,51,-10,,,55,,,
1,1,NPU,0,CHENAB2_NIF,24,100000,BACKPLANE,,,,0,0,-2,51,-10,,,55,,,
1,1,NPU,0,CHENAB2_NIF,25,100000,BACKPLANE,,,,0,0,-2,51,-10,,,55,,,
1,1,NPU,0,CHENAB2_NIF,26,100000,BACKPLANE,,,,0,0,-2,51,-10,,,55,,,
1,1,NPU,0,CHENAB2_NIF,27,100000,BACKPLANE,,,,0,0,-2,51,-10,,,55,,,
1,1,NPU,0,CHENAB2_NIF,28,100000,BACKPLANE,,,,0,0,-2,51,-10,,,55,,,
1,1,NPU,0,CHENAB2_NIF,29,100000,BACKPLANE,,,,0,0,-2,51,-10,,,55,,,
1,1,NPU,0,CHENAB2_NIF,30,100000,BACKPLANE,,,,0,0,-2,51,-10,,,55,,,
1,1,NPU,0,CHENAB2_NIF,31,100000,BACKPLANE,,,,0,0,-2,51,-10,,,55,,,
1,1,NPU,0,CHENAB2_NIF,32,100000,BACKPLANE,,,,0,0,-2,51,-10,,,55,,,
1,1,NPU,0,CHENAB2_NIF,33,100000,BACKPLANE,,,,0,0,-2,51,-10,,,55,,,
1,1,NPU,0,CHENAB2_NIF,34,100000,BACKPLANE,,,,0,0,-2,51,-10,,,55,,,
1,1,NPU,0,CHENAB2_NIF,35,100000,BACKPLANE,,,,0,0,-2,51,-10,,,55,,,
1,1,NPU,0,CHENAB2_NIF,36,100000,BACKPLANE,,,,0,0,-2,51,-10,,,55,,,
1,1,NPU,0,CHENAB2_NIF,37,100000,BACKPLANE,,,,0,0,-2,51,-10,,,55,,,
1,1,NPU,0,CHENAB2_NIF,38,100000,BACKPLANE,,,,0,0,-2,51,-10,,,55,,,
1,1,NPU,0,CHENAB2_NIF,39,100000,BACKPLANE,,,,0,0,-2,51,-10,,,55,,,
1,1,NPU,0,CHENAB2_NIF,40,100000,BACKPLANE,,,,0,0,-2,51,-10,,,55,,,
1,1,NPU,0,CHENAB2_NIF,41,100000,BACKPLANE,,,,0,0,-2,51,-10,,,55,,,
1,1,NPU,0,CHENAB2_NIF,42,100000,BACKPLANE,,,,0,0,-2,51,-10,,,55,,,
1,1,NPU,0,CHENAB2_NIF,43,100000,BACKPLANE,,,,0,0,-2,51,-10,,,55,,,
1,1,NPU,0,CHENAB2_NIF,44,100000,BACKPLANE,,,,0,0,-2,51,-10,,,55,,,
1,1,NPU,0,CHENAB2_NIF,45,100000,BACKPLANE,,,,0,0,-2,51,-10,,,55,,,
1,1,NPU,0,CHENAB2_NIF,46,100000,BACKPLANE,,,,0,0,-2,51,-10,,,55,,,
1,1,NPU,0,CHENAB2_NIF,47,100000,BACKPLANE,,,,0,0,-2,51,-10,,,55,,,
1,1,NPU,0,CHENAB2_NIF,48,100000,BACKPLANE,,,,0,0,-2,51,-10,,,55,,,
1,1,NPU,0,CHENAB2_NIF,49,100000,BACKPLANE,,,,0,0,-2,51,-10,,,55,,,
1,1,NPU,0,CHENAB2_NIF,50,100000,BACKPLANE,,,,0,0,-2,51,-10,,,55,,,
1,1,NPU,0,CHENAB2_NIF,51,100000,BACKPLANE,,,,0,0,-2,51,-10,,,55,,,
1,1,NPU,0,CHENAB2_NIF,52,100000,BACKPLANE,,,,0,0,-2,51,-10,,,55,,,
1,1,NPU,0,CHENAB2_NIF,53,100000,BACKPLANE,,,,0,0,-2,51,-10,,,55,,,
1,1,NPU,0,CHENAB2_NIF,54,100000,BACKPLANE,,,,0,0,-2,51,-10,,,55,,,
1,1,NPU,0,CHENAB2_NIF,55,100000,BACKPLANE,,,,0,0,-2,51,-10,,,55,,,
1,1,NPU,0,CHENAB2_NIF,56,100000,BACKPLANE,,,,0,0,-2,51,-10,,,55,,,
1,1,NPU,0,CHENAB2_NIF,57,100000,BACKPLANE,,,,0,0,-2,51,-10,,,55,,,
1,1,NPU,0,CHENAB2_NIF,58,100000,BACKPLANE,,,,0,0,-2,51,-10,,,55,,,
1,1,NPU,0,CHENAB2_NIF,59,100000,BACKPLANE,,,,0,0,-2,51,-10,,,55,,,
1,1,NPU,0,CHENAB2_NIF,60,100000,BACKPLANE,,,,0,0,-2,51,-10,,,55,,,
1,1,NPU,0,CHENAB2_NIF,61,100000,BACKPLANE,,,,0,0,-2,51,-10,,,55,,,
1,1,NPU,0,CHENAB2_NIF,62,100000,BACKPLANE,,,,0,0,-2,51,-10,,,55,,,
1,1,NPU,0,CHENAB2_NIF,63,100000,BACKPLANE,,,,0,0,-2,51,-10,,,55,,,
1,1,NPU,0,CHENAB2_NIF,64,100000,BACKPLANE,,,,0,0,-2,51,-10,,,55,,,
1,1,NPU,0,CHENAB2_NIF,65,100000,BACKPLANE,,,,0,0,-2,51,-10,,,55,,,
1,1,NPU,0,CHENAB2_NIF,66,100000,BACKPLANE,,,,0,0,-2,51,-10,,,55,,,
1,1,NPU,0,CHENAB2_NIF,67,100000,BACKPLANE,,,,0,0,-2,51,-10,,,55,,,
1,1,NPU,0,CHENAB2_NIF,68,100000,BACKPLANE,,,,0,0,-2,51,-10,,,55,,,
1,1,NPU,0,CHENAB2_NIF,69,100000,BACKPLANE,,,,0,0,-2,51,-10,,,55,,,
1,1,NPU,0,CHENAB2_NIF,70,100000,BACKPLANE,,,,0,0,-2,51,-10,,,55,,,
1,1,NPU,0,CHENAB2_NIF,71,100000,BACKPLANE,,,,0,0,-2,51,-10,,,55,,,
1,1,NPU,0,CHENAB2_NIF,72,100000,BACKPLANE,,,,0,0,-2,51,-10,,,55,,,
1,1,NPU,0,CHENAB2_NIF,73,100000,BACKPLANE,,,,0,0,-2,51,-10,,,55,,,
1,1,NPU,0,CHENAB2_NIF,74,100000,BACKPLANE,,,,0,0,-2,51,-10,,,55,,,
1,1,NPU,0,CHENAB2_NIF,75,100000,BACKPLANE,,,,0,0,-2,51,-10,,,55,,,
1,1,NPU,0,CHENAB2_NIF,76,100000,BACKPLANE,,,,0,0,-2,51,-10,,,55,,,
1,1,NPU,0,CHENAB2_NIF,77,100000,BACKPLANE,,,,0,0,-2,51,-10,,,55,,,
1,1,NPU,0,CHENAB2_NIF,78,100000,BACKPLANE,,,,0,0,-2,51,-10,,,55,,,
1,1,NPU,0,CHENAB2_NIF,79,100000,BACKPLANE,,,,0,0,-2,51,-10,,,55,,,
1,1,NPU,0,CHENAB2_NIF,80,100000,BACKPLANE,,,,0,0,-2,51,-10,,,55,,,
1,1,NPU,0,CHENAB2_NIF,81,100000,BACKPLANE,,,,0,0,-2,51,-10,,,55,,,
1,1,NPU,0,CHENAB2_NIF,82,100000,BACKPLANE,,,,0,0,-2,51,-10,,,55,,,
1,1,NPU,0,CHENAB2_NIF,83,100000,BACKPLANE,,,,0,0,-2,51,-10,,,55,,,
1,1,NPU,0,CHENAB2_NIF,84,100000,BACKPLANE,,,,0,0,-2,51,-10,,,55,,,
1,1,NPU,0,CHENAB2_NIF,85,100000,BACKPLANE,,,,0,0,-2,51,-10,,,55,,,
1,1,NPU,0,CHENAB2_NIF,86,100000,BACKPLANE,,,,0,0,-2,51,-10,,,55,,,
1,1,NPU,0,CHENAB2_NIF,87,100000,BACKPLANE,,,,0,0,-2,51,-10,,,55,,,
1,1,NPU,0,CHENAB2_NIF,88,100000,BACKPLANE,,,,0,0,-2,51,-10,,,55,,,
1,1,NPU,0,CHENAB2_NIF,89,100000,BACKPLANE,,,,0,0,-2,51,-10,,,55,,,
1,1,NPU,0,CHENAB2_NIF,90,100000,BACKPLANE,,,,0,0,-2,51,-10,,,55,,,
1,1,NPU,0,CHENAB2_NIF,91,100000,BACKPLANE,,,,0,0,-2,51,-10,,,55,,,
1,1,NPU,0,CHENAB2_NIF,92,100000,BACKPLANE,,,,0,0,-2,51,-10,,,55,,,
1,1,NPU,0,CHENAB2_NIF,93,100000,BACKPLANE,,,,0,0,-2,51,-10,,,55,,,
1,1,NPU,0,CHENAB2_NIF,94,100000,BACKPLANE,,,,0,0,-2,51,-10,,,55,,,
1,1,NPU,0,CHENAB2_NIF,95,100000,BACKPLANE,,,,0,0,-2,51,-10,,,55,,,
1,1,NPU,0,CHENAB2_NIF,96,100000,BACKPLANE,,,,0,0,-2,51,-10,,,55,,,
1,1,NPU,0,CHENAB2_NIF,97,100000,BACKPLANE,,,,0,0,-2,51,-10,,,55,,,
1,1,NPU,0,CHENAB2_NIF,98,100000,BACKPLANE,,,,0,0,-2,51,-10,,,55,,,
1,1,NPU,0,CHENAB2_NIF,99,100000,BACKPLANE,,,,0,0,-2,51,-10,,,55,,,
1,1,NPU,0,CHENAB2_NIF,100,100000,BACKPLANE,,,,0,0,-2,51,-10,,,55,,,
1,1,NPU,0,CHENAB2_NIF,101,100000,BACKPLANE,,,,0,0,-2,51,-10,,,55,,,
1,1,NPU,0,CHENAB2_NIF,102,100000,BACKPLANE,,,,0,0,-2,51,-10,,,55,,,
1,1,NPU,0,CHENAB2_NIF,103,100000,BACKPLANE,,,,0,0,-2,51,-10,,,55,,,
1,1,NPU,0,CHENAB2_NIF,104,100000,BACKPLANE,,,,0,0,-2,51,-10,,,55,,,
1,1,NPU,0,CHENAB2_NIF,105,100000,BACKPLANE,,,,0,0,-2,51,-10,,,55,,,
1,1,NPU,0,CHENAB2_NIF,106,100000,BACKPLANE,,,,0,0,-2,51,-10,,,55,,,
1,1,NPU,0,CHENAB2_NIF,107,100000,BACKPLANE,,,,0,0,-2,51,-10,,,55,,,
1,1,NPU,0,CHENAB2_NIF,108,100000,BACKPLANE,,,,0,0,-2,51,-10,,,55,,,
1,1,NPU,0,CHENAB2_NIF,109,100000,BACKPLANE,,,,0,0,-2,51,-10,,,55,,,
1,1,NPU,0,CHENAB2_NIF,110,100000,BACKPLANE,,,,0,0,-2,51,-10,,,55,,,
1,1,NPU,0,CHENAB2_NIF,111,100000,BACKPLANE,,,,0,0,-2,51,-10,,,55,,,
1,1,NPU,0,CHENAB2_NIF,112,100000,BACKPLANE,,,,0,0,-2,51,-10,,,55,,,
1,1,NPU,0,CHENAB2_NIF,113,100000,BACKPLANE,,,,0,0,-2,51,-10,,,55,,,
1,1,NPU,0,CHENAB2_NIF,114,100000,BACKPLANE,,,,0,0,-2,51,-10,,,55,,,
1,1,NPU,0,CHENAB2_NIF,115,100000,BACKPLANE,,,,0,0,-2,51,-10,,,55,,,
1,1,NPU,0,CHENAB2_NIF,116,100000,BACKPLANE,,,,0,0,-2,51,-10,,,55,,,
1,1,NPU,0,CHENAB2_NIF,117,100000,BACKPLANE,,,,0,0,-2,51,-10,,,55,,,
1,1,NPU,0,CHENAB2_NIF,118,100000,BACKPLANE,,,,0,0,-2,51,-10,,,55,,,
1,1,NPU,0,CHENAB2_NIF,119,100000,BACKPLANE,,,,0,0,-2,51,-10,,,55,,,
1,1,NPU,0,CHENAB2_NIF,120,100000,BACKPLANE,,,,0,0,-2,51,-10,,,55,,,
1,1,NPU,0,CHENAB2_NIF,121,100000,BACKPLANE,,,,0,0,-2,51,-10,,,55,,,
1,1,NPU,0,CHENAB2_NIF,122,100000,BACKPLANE,,,,0,0,-2,51,-10,,,55,,,
1,1,NPU,0,CHENAB2_NIF,123,100000,BACKPLANE,,,,0,0,-2,51,-10,,,55,,,
1,1,NPU,0,CHENAB2_NIF,124,100000,BACKPLANE,,,,0,0,-2,51,-10,,,55,,,
1,1,NPU,0,CHENAB2_NIF,125,100000,BACKPLANE,,,,0,0,-2,51,-10,,,55,,,
1,1,NPU,0,CHENAB2_NIF,126,100000,BACKPLANE,,,,0,0,-2,51,-10,,,55,,,
1,1,NPU,0,CHENAB2_NIF,127,100000,BACKPLANE,,,,0,0,-2,51,-10,,,55,,,
1,1,NPU,0,CHENAB2_NIF,128,100000,BACKPLANE,,,,0,0,-2,54,-7,,,55,,,
1,1,NPU,0,CHENAB2_NIF,129,100000,BACKPLANE,,,,0,0,-2,54,-7,,,55,,,
1,1,NPU,0,CHENAB2_NIF,130,100000,BACKPLANE,,,,0,0,-2,54,-7,,,55,,,
1,1,NPU,0,CHENAB2_NIF,131,100000,BACKPLANE,,,,0,0,-2,54,-7,,,55,,,
1,1,NPU,0,CHENAB2_NIF,132,100000,BACKPLANE,,,,0,0,-2,54,-7,,,55,,,
1,1,NPU,0,CHENAB2_NIF,133,100000,BACKPLANE,,,,0,0,-2,54,-7,,,55,,,
1,1,NPU,0,CHENAB2_NIF,134,100000,BACKPLANE,,,,0,0,-2,54,-7,,,55,,,
1,1,NPU,0,CHENAB2_NIF,135,100000,BACKPLANE,,,,0,0,-2,54,-7,,,55,,,
1,1,NPU,0,CHENAB2_NIF,136,100000,BACKPLANE,,,,0,0,-2,54,-7,,,55,,,
1,1,NPU,0,CHENAB2_NIF,137,100000,BACKPLANE,,,,0,0,-2,54,-7,,,55,,,
1,1,NPU,0,CHENAB2_NIF,138,100000,BACKPLANE,,,,0,0,-2,54,-7,,,55,,,
1,1,NPU,0,CHENAB2_NIF,139,100000,BACKPLANE,,,,0,0,-2,54,-7,,,55,,,
1,1,NPU,0,CHENAB2_NIF,140,100000,BACKPLANE,,,,0,0,-2,54,-7,,,55,,,
1,1,NPU,0,CHENAB2_NIF,141,100000,BACKPLANE,,,,0,0,-2,54,-7,,,55,,,
1,1,NPU,0,CHENAB2_NIF,142,100000,BACKPLANE,,,,0,0,-2,54,-7,,,55,,,
1,1,NPU,0,CHENAB2_NIF,143,100000,BACKPLANE,,,,0,0,-2,54,-7,,,55,,,
1,1,NPU,0,CHENAB2_NIF,144,100000,BACKPLANE,,,,0,0,-2,54,-7,,,55,,,
1,1,NPU,0,CHENAB2_NIF,145,100000,BACKPLANE,,,,0,0,-2,54,-7,,,55,,,
1,1,NPU,0,CHENAB2_NIF,146,100000,BACKPLANE,,,,0,0,-2,54,-7,,,55,,,
1,1,NPU,0,CHENAB2_NIF,147,100000,BACKPLANE,,,,0,0,-2,54,-7,,,55,,,
1,1,NPU,0,CHENAB2_NIF,148,100000,BACKPLANE,,,,0,0,-2,54,-7,,,55,,,
1,1,NPU,0,CHENAB2_NIF,149,100000,BACKPLANE,,,,0,0,-2,54,-7,,,55,,,
1,1,NPU,0,CHENAB2_NIF,150,100000,BACKPLANE,,,,0,0,-2,54,-7,,,55,,,
1,1,NPU,0,CHENAB2_NIF,151,100000,BACKPLANE,,,,0,0,-2,54,-7,,,55,,,
1,1,NPU,0,CHENAB2_NIF,152,100000,BACKPLANE,,,,0,0,-2,54,-7,,,55,,,
1,1,NPU,0,CHENAB2_NIF,153,100000,BACKPLANE,,,,0,0,-2,54,-7,,,55,,,
1,1,NPU,0,CHENAB2_NIF,154,100000,BACKPLANE,,,,0,0,-2,54,-7,,,55,,,
1,1,NPU,0,CHENAB2_NIF,155,100000,BACKPLANE,,,,0,0,-2,54,-7,,,55,,,
1,1,NPU,0,CHENAB2_NIF,156,100000,BACKPLANE,,,,0,0,-2,54,-7,,,55,,,
1,1,NPU,0,CHENAB2_NIF,157,100000,BACKPLANE,,,,0,0,-2,54,-7,,,55,,,
1,1,NPU,0,CHENAB2_NIF,158,100000,BACKPLANE,,,,0,0,-2,54,-7,,,55,,,
1,1,NPU,0,CHENAB2_NIF,159,100000,BACKPLANE,,,,0,0,-2,54,-7,,,55,,,
1,1,NPU,0,CHENAB2_NIF,160,100000,BACKPLANE,,,,0,0,-2,54,-7,,,55,,,
1,1,NPU,0,CHENAB2_NIF,161,100000,BACKPLANE,,,,0,0,-2,54,-7,,,55,,,
1,1,NPU,0,CHENAB2_NIF,162,100000,BACKPLANE,,,,0,0,-2,54,-7,,,55,,,
1,1,NPU,0,CHENAB2_NIF,163,100000,BACKPLANE,,,,0,0,-2,54,-7,,,55,,,
1,1,NPU,0,CHENAB2_NIF,164,100000,BACKPLANE,,,,0,0,-2,54,-7,,,55,,,
1,1,NPU,0,CHENAB2_NIF,165,100000,BACKPLANE,,,,0,0,-2,54,-7,,,55,,,
1,1,NPU,0,CHENAB2_NIF,166,100000,BACKPLANE,,,,0,0,-2,54,-7,,,55,,,
1,1,NPU,0,CHENAB2_NIF,167,100000,BACKPLANE,,,,0,0,-2,54,-7,,,55,,,
1,1,NPU,0,CHENAB2_NIF,168,100000,BACKPLANE,,,,0,0,-2,54,-7,,,55,,,
1,1,NPU,0,CHENAB2_NIF,169,100000,BACKPLANE,,,,0,0,-2,54,-7,,,55,,,
1,1,NPU,0,CHENAB2_NIF,170,100000,BACKPLANE,,,,0,0,-2,54,-7,,,55,,,
1,1,NPU,0,CHENAB2_NIF,171,100000,BACKPLANE,,,,0,0,-2,54,-7,,,55,,,
1,1,NPU,0,CHENAB2_NIF,172,100000,BACKPLANE,,,,0,0,-2,54,-7,,,55,,,
1,1,NPU,0,CHENAB2_NIF,173,100000,BACKPLANE,,,,0,0,-2,54,-7,,,55,,,
1,1,NPU,0,CHENAB2_NIF,174,100000,BACKPLANE,,,,0,0,-2,54,-7,,,55,,,
1,1,NPU,0,CHENAB2_NIF,175,100000,BACKPLANE,,,,0,0,-2,54,-7,,,55,,,
1,1,NPU,0,CHENAB2_NIF,176,100000,BACKPLANE,,,,0,0,-2,54,-7,,,55,,,
1,1,NPU,0,CHENAB2_NIF,177,100000,BACKPLANE,,,,0,0,-2,54,-7,,,55,,,
1,1,NPU,0,CHENAB2_NIF,178,100000,BACKPLANE,,,,0,0,-2,54,-7,,,55,,,
1,1,NPU,0,CHENAB2_NIF,179,100000,BACKPLANE,,,,0,0,-2,54,-7,,,55,,,
1,1,NPU,0,CHENAB2_NIF,180,100000,BACKPLANE,,,,0,0,-2,54,-7,,,55,,,
1,1,NPU,0,CHENAB2_NIF,181,100000,BACKPLANE,,,,0,0,-2,54,-7,,,55,,,
1,1,NPU,0,CHENAB2_NIF,182,100000,BACKPLANE,,,,0,0,-2,54,-7,,,55,,,
1,1,NPU,0,CHENAB2_NIF,183,100000,BACKPLANE,,,,0,0,-2,54,-7,,,55,,,
1,1,NPU,0,CHENAB2_NIF,184,100000,BACKPLANE,,,,0,0,-2,54,-7,,,55,,,
1,1,NPU,0,CHENAB2_NIF,185,100000,BACKPLANE,,,,0,0,-2,54,-7,,,55,,,
1,1,NPU,0,CHENAB2_NIF,186,100000,BACKPLANE,,,,0,0,-2,54,-7,,,55,,,
1,1,NPU,0,CHENAB2_NIF,187,100000,BACKPLANE,,,,0,0,-2,54,-7,,,55,,,
1,1,NPU,0,CHENAB2_NIF,188,100000,BACKPLANE,,,,0,0,-2,54,-7,,,55,,,
1,1,NPU,0,CHENAB2_NIF,189,100000,BACKPLANE,,,,0,0,-2,54,-7,,,55,,,
1,1,NPU,0,CHENAB2_NIF,190,100000,BACKPLANE,,,,0,0,-2,54,-7,,,55,,,
1,1,NPU,0,CHENAB2_NIF,191,100000,BACKPLANE,,,,0,0,-2,54,-7,,,55,,,
1,1,NPU,0,CHENAB2_NIF,192,100000,BACKPLANE,,,,0,0,-2,54,-7,,,55,,,
1,1,NPU,0,CHENAB2_NIF,193,100000,BACKPLANE,,,,0,0,-2,54,-7,,,55,,,
1,1,NPU,0,CHENAB2_NIF,194,100000,BACKPLANE,,,,0,0,-2,54,-7,,,55,,,
1,1,NPU,0,CHENAB2_NIF,195,100000,BACKPLANE,,,,0,0,-2,54,-7,,,55,,,
1,1,NPU,0,CHENAB2_NIF,196,100000,BACKPLANE,,,,0,0,-2,54,-7,,,55,,,
1,1,NPU,0,CHENAB2_NIF,197,100000,BACKPLANE,,,,0,0,-2,54,-7,,,55,,,
1,1,NPU,0,CHENAB2_NIF,198,100000,BACKPLANE,,,,0,0,-2,54,-7,,,55,,,
1,1,NPU,0,CHENAB2_NIF,199,100000,BACKPLANE,,,,0,0,-2,54,-7,,,55,,,
1,1,NPU,0,CHENAB2_NIF,200,100000,BACKPLANE,,,,0,0,-2,54,-7,,,55,,,
1,1,NPU,0,CHENAB2_NIF,201,100000,BACKPLANE,,,,0,0,-2,54,-7,,,55,,,
1,1,NPU,0,CHENAB2_NIF,202,100000,BACKPLANE,,,,0,0,-2,54,-7,,,55,,,
1,1,NPU,0,CHENAB2_NIF,203,100000,BACKPLANE,,,,0,0,-2,54,-7,,,55,,,
1,1,NPU,0,CHENAB2_NIF,204,100000,BACKPLANE,,,,0,0,-2,54,-7,,,55,,,
1,1,NPU,0,CHENAB2_NIF,205,100000,BACKPLANE,,,,0,0,-2,54,-7,,,55,,,
1,1,NPU,0,CHENAB2_NIF,206,100000,BACKPLANE,,,,0,0,-2,54,-7,,,55,,,
1,1,NPU,0,CHENAB2_NIF,207,100000,BACKPLANE,,,,0,0,-2,54,-7,,,55,,,
1,1,NPU,0,CHENAB2_NIF,208,100000,BACKPLANE,,,,0,0,-2,54,-7,,,55,,,
1,1,NPU,0,CHENAB2_NIF,209,100000,BACKPLANE,,,,0,0,-2,54,-7,,,55,,,
1,1,NPU,0,CHENAB2_NIF,210,100000,BACKPLANE,,,,0,0,-2,54,-7,,,55,,,
1,1,NPU,0,CHENAB2_NIF,211,100000,BACKPLANE,,,,0,0,-2,54,-7,,,55,,,
1,1,NPU,0,CHENAB2_NIF,212,100000,BACKPLANE,,,,0,0,-2,54,-7,,,55,,,
1,1,NPU,0,CHENAB2_NIF,213,100000,BACKPLANE,,,,0,0,-2,54,-7,,,55,,,
1,1,NPU,0,CHENAB2_NIF,214,100000,BACKPLANE,,,,0,0,-2,54,-7,,,55,,,
1,1,NPU,0,CHENAB2_NIF,215,100000,BACKPLANE,,,,0,0,-2,54,-7,,,55,,,
1,1,NPU,0,CHENAB2_NIF,216,100000,BACKPLANE,,,,0,0,-2,54,-7,,,55,,,
1,1,NPU,0,CHENAB2_NIF,217,100000,BACKPLANE,,,,0,0,-2,54,-7,,,55,,,
1,1,NPU,0,CHENAB2_NIF,218,100000,BACKPLANE,,,,0,0,-2,54,-7,,,55,,,
1,1,NPU,0,CHENAB2_NIF,219,100000,BACKPLANE,,,,0,0,-2,54,-7,,,55,,,
1,1,NPU,0,CHENAB2_NIF,220,100000,BACKPLANE,,,,0,0,-2,54,-7,,,55,,,
1,1,NPU,0,CHENAB2_NIF,221,100000,BACKPLANE,,,,0,0,-2,54,-7,,,55,,,
1,1,NPU,0,CHENAB2_NIF,222,100000,BACKPLANE,,,,0,0,-2,54,-7,,,55,,,
1,1,NPU,0,CHENAB2_NIF,223,100000,BACKPLANE,,,,0,0,-2,54,-7,,,55,,,
1,1,NPU,0,CHENAB2_NIF,224,100000,BACKPLANE,,,,0,0,-2,54,-7,,,55,,,
1,1,NPU,0,CHENAB2_NIF,225,100000,BACKPLANE,,,,0,0,-2,54,-7,,,55,,,
1,1,NPU,0,CHENAB2_NIF,226,100000,BACKPLANE,,,,0,0,-2,54,-7,,,55,,,
1,1,NPU,0,CHENAB2_NIF,227,100000,BACKPLANE,,,,0,0,-2,54,-7,,,55,,,
1,1,NPU,0,CHENAB2_NIF,228,100000,BACKPLANE,,,,0,0,-2,54,-7,,,55,,,
1,1,NPU,0,CHENAB2_NIF,229,100000,BACKPLANE,,,,0,0,-2,54,-7,,,55,,,
1,1,NPU,0,CHENAB2_NIF,230,100000,BACKPLANE,,,,0,0,-2,54,-7,,,55,,,
1,1,NPU,0,CHENAB2_NIF,231,100000,BACKPLANE,,,,0,0,-2,54,-7,,,55,,,
1,1,NPU,0,CHENAB2_NIF,232,100000,BACKPLANE,,,,0,0,-2,54,-7,,,55,,,
1,1,NPU,0,CHENAB2_NIF,233,100000,BACKPLANE,,,,0,0,-2,54,-7,,,55,,,
1,1,NPU,0,CHENAB2_NIF,234,100000,BACKPLANE,,,,0,0,-2,54,-7,,,55,,,
1,1,NPU,0,CHENAB2_NIF,235,100000,BACKPLANE,,,,0,0,-2,54,-7,,,55,,,
1,1,NPU,0,CHENAB2_NIF,236,100000,BACKPLANE,,,,0,0,-2,54,-7,,,55,,,
1,1,NPU,0,CHENAB2_NIF,237,100000,BACKPLANE,,,,0,0,-2,54,-7,,,55,,,
1,1,NPU,0,CHENAB2_NIF,238,100000,BACKPLANE,,,,0,0,-2,54,-7,,,55,,,
1,1,NPU,0,CHENAB2_NIF,239,100000,BACKPLANE,,,,0,0,-2,54,-7,,,55,,,
1,1,NPU,0,CHENAB2_NIF,240,100000,BACKPLANE,,,,0,0,-2,54,-7,,,55,,,
1,1,NPU,0,CHENAB2_NIF,241,100000,BACKPLANE,,,,0,0,-2,54,-7,,,55,,,
1,1,NPU,0,CHENAB2_NIF,242,100000,BACKPLANE,,,,0,0,-2,54,-7,,,55,,,
1,1,NPU,0,CHENAB2_NIF,243,100000,BACKPLANE,,,,0,0,-2,54,-7,,,55,,,
1,1,NPU,0,CHENAB2_NIF,244,100000,BACKPLANE,,,,0,0,-2,54,-7,,,55,,,
1,1,NPU,0,CHENAB2_NIF,245,100000,BACKPLANE,,,,0,0,-2,54,-7,,,55,,,
1,1,NPU,0,CHENAB2_NIF,246,100000,BACKPLANE,,,,0,0,-2,54,-7,,,55,,,
1,1,NPU,0,CHENAB2_NIF,247,100000,BACKPLANE,,,,0,0,-2,54,-7,,,55,,,
1,1,NPU,0,CHENAB2_NIF,248,100000,BACKPLANE,,,,0,0,-2,54,-7,,,55,,,
1,1,NPU,0,CHENAB2_NIF,249,100000,BACKPLANE,,,,0,0,-2,54,-7,,,55,,,
1,1,NPU,0,CHENAB2_NIF,250,100000,BACKPLANE,,,,0,0,-2,54,-7,,,55,,,
1,1,NPU,0,CHENAB2_NIF,251,100000,BACKPLANE,,,,0,0,-2,54,-7,,,55,,,
1,1,NPU,0,CHENAB2_NIF,252,100000,BACKPLANE,,,,0,0,-2,54,-7,,,55,,,
1,1,NPU,0,CHENAB2_NIF,253,100000,BACKPLANE,,,,0,0,-2,54,-7,,,55,,,
1,1,NPU,0,CHENAB2_NIF,254,100000,BACKPLANE,,,,0,0,-2,54,-7,,,55,,,
1,1,NPU,0,CHENAB2_NIF,255,100000,BACKPLANE,,,,0,0,-2,54,-7,,,55,,,
1,1,NPU,0,CHENAB2_NIF,256,100000,BACKPLANE,,,,0,0,-2,54,-7,,,55,,,
1,1,NPU,0,CHENAB2_NIF,257,100000,BACKPLANE,,,,0,0,-2,54,-7,,,55,,,
1,1,NPU,0,CHENAB2_NIF,258,100000,BACKPLANE,,,,0,0,-2,54,-7,,,55,,,
1,1,NPU,0,CHENAB2_NIF,259,100000,BACKPLANE,,,,0,0,-2,54,-7,,,55,,,
1,1,NPU,0,CHENAB2_NIF,260,100000,BACKPLANE,,,,0,0,-2,54,-7,,,55,,,
1,1,NPU,0,CHENAB2_NIF,261,100000,BACKPLANE,,,,0,0,-2,54,-7,,,55,,,
1,1,NPU,0,CHENAB2_NIF,262,100000,BACKPLANE,,,,0,0,-2,54,-7,,,55,,,
1,1,NPU,0,CHENAB2_NIF,263,100000,BACKPLANE,,,,0,0,-2,54,-7,,,55,,,
1,1,NPU,0,CHENAB2_NIF,264,100000,BACKPLANE,,,,0,0,-2,54,-7,,,55,,,
1,1,NPU,0,CHENAB2_NIF,265,100000,BACKPLANE,,,,0,0,-2,54,-7,,,55,,,
1,1,NPU,0,CHENAB2_NIF,266,100000,BACKPLANE,,,,0,0,-2,54,-7,,,55,,,
1,1,NPU,0,CHENAB2_NIF,267,100000,BACKPLANE,,,,0,0,-2,54,-7,,,55,,,
1,1,NPU,0,CHENAB2_NIF,268,100000,BACKPLANE,,,,0,0,-2,54,-7,,,55,,,
1,1,NPU,0,CHENAB2_NIF,269,100000,BACKPLANE,,,,0,0,-2,54,-7,,,55,,,
1,1,NPU,0,CHENAB2_NIF,270,100000,BACKPLANE,,,,0,0,-2,54,-7,,,55,,,
1,1,NPU,0,CHENAB2_NIF,271,100000,BACKPLANE,,,,0,0,-2,54,-7,,,55,,,
1,1,NPU,0,CHENAB2_NIF,272,100000,BACKPLANE,,,,0,0,-2,54,-7,,,55,,,
1,1,NPU,0,CHENAB2_NIF,273,100000,BACKPLANE,,,,0,0,-2,54,-7,,,55,,,
1,1,NPU,0,CHENAB2_NIF,274,100000,BACKPLANE,,,,0,0,-2,54,-7,,,55,,,
1,1,NPU,0,CHENAB2_NIF,275,100000,BACKPLANE,,,,0,0,-2,54,-7,,,55,,,
1,1,NPU,0,CHENAB2_NIF,276,100000,BACKPLANE,,,,0,0,-2,54,-7,,,55,,,
1,1,NPU,0,CHENAB2_NIF,277,100000,BACKPLANE,,,,0,0,-2,54,-7,,,55,,,
1,1,NPU,0,CHENAB2_NIF,278,100000,BACKPLANE,,,,0,0,-2,54,-7,,,55,,,
1,1,NPU,0,CHENAB2_NIF,279,100000,BACKPLANE,,,,0,0,-2,54,-7,,,55,,,
1,1,NPU,0,CHENAB2_NIF,280,100000,BACKPLANE,,,,0,0,-2,54,-7,,,55,,,
1,1,NPU,0,CHENAB2_NIF,281,100000,BACKPLANE,,,,0,0,-2,54,-7,,,55,,,
1,1,NPU,0,CHENAB2_NIF,282,100000,BACKPLANE,,,,0,0,-2,54,-7,,,55,,,
1,1,NPU,0,CHENAB2_NIF,283,100000,BACKPLANE,,,,0,0,-2,54,-7,,,55,,,
1,1,NPU,0,CHENAB2_NIF,284,100000,BACKPLANE,,,,0,0,-2,54,-7,,,55,,,
1,1,NPU,0,CHENAB2_NIF,285,100000,BACKPLANE,,,,0,0,-2,54,-7,,,55,,,
1,1,NPU,0,CHENAB2_NIF,286,100000,BACKPLANE,,,,0,0,-2,54,-7,,,55,,,
1,1,NPU,0,CHENAB2_NIF,287,100000,BACKPLANE,,,,0,0,-2,54,-7,,,55,,,
1,1,NPU,0,CHENAB2_NIF,288,100000,BACKPLANE,,,,0,0,-2,54,-7,,,55,,,
1,1,NPU,0,CHENAB2_NIF,289,100000,BACKPLANE,,,,0,0,-2,54,-7,,,55,,,
1,1,NPU,0,CHENAB2_NIF,290,100000,BACKPLANE,,,,0,0,-2,54,-7,,,55,,,
1,1,NPU,0,CHENAB2_NIF,291,100000,BACKPLANE,,,,0,0,-2,54,-7,,,55,,,
1,1,NPU,0,CHENAB2_NIF,292,100000,BACKPLANE,,,,0,0,-2,54,-7,,,55,,,
1,1,NPU,0,CHENAB2_NIF,293,100000,BACKPLANE,,,,0,0,-2,54,-7,,,55,,,
1,1,NPU,0,CHENAB2_NIF,294,100000,BACKPLANE,,,,0,0,-2,54,-7,,,55,,,
1,1,NPU,0,CHENAB2_NIF,295,100000,BACKPLANE,,,,0,0,-2,54,-7,,,55,,,
1,1,NPU,0,CHENAB2_NIF,296,100000,BACKPLANE,,,,0,0,-2,54,-7,,,55,,,
1,1,NPU,0,CHENAB2_NIF,297,100000,BACKPLANE,,,,0,0,-2,54,-7,,,55,,,
1,1,NPU,0,CHENAB2_NIF,298,100000,BACKPLANE,,,,0,0,-2,54,-7,,,55,,,
1,1,NPU,0,CHENAB2_NIF,299,100000,BACKPLANE,,,,0,0,-2,54,-7,,,55,,,
1,1,NPU,0,CHENAB2_NIF,300,100000,BACKPLANE,,,,0,0,-2,54,-7,,,55,,,
1,1,NPU,0,CHENAB2_NIF,301,100000,BACKPLANE,,,,0,0,-2,54,-7,,,55,,,
1,1,NPU,0,CHENAB2_NIF,302,100000,BACKPLANE,,,,0,0,-2,54,-7,,,55,,,
1,1,NPU,0,CHENAB2_NIF,303,100000,BACKPLANE,,,,0,0,-2,54,-7,,,55,,,
1,1,NPU,0,CHENAB2_NIF,304,100000,BACKPLANE,,,,0,0,-2,54,-7,,,55,,,
1,1,NPU,0,CHENAB2_NIF,305,100000,BACKPLANE,,,,0,0,-2,54,-7,,,55,,,
1,1,NPU,0,CHENAB2_NIF,306,100000,BACKPLANE,,,,0,0,-2,54,-7,,,55,,,
1,1,NPU,0,CHENAB2_NIF,307,100000,BACKPLANE,,,,0,0,-2,54,-7,,,55,,,
1,1,NPU,0,CHENAB2_NIF,308,100000,BACKPLANE,,,,0,0,-2,54,-7,,,55,,,
1,1,NPU,0,CHENAB2_NIF,309,100000,BACKPLANE,,,,0,0,-2,54,-7,,,55,,,
1,1,NPU,0,CHENAB2_NIF,310,100000,BACKPLANE,,,,0,0,-2,54,-7,,,55,,,
1,1,NPU,0,CHENAB2_NIF,311,100000,BACKPLANE,,,,0,0,-2,54,-7,,,55,,,
1,1,NPU,0,CHENAB2_NIF,312,100000,BACKPLANE,,,,0,0,-2,54,-7,,,55,,,
1,1,NPU,0,CHENAB2_NIF,313,100000,BACKPLANE,,,,0,0,-2,54,-7,,,55,,,
1,1,NPU,0,CHENAB2_NIF,314,100000,BACKPLANE,,,,0,0,-2,54,-7,,,55,,,
1,1,NPU,0,CHENAB2_NIF,315,100000,BACKPLANE,,,,0,0,-2,54,-7,,,55,,,
1,1,NPU,0,CHENAB2_NIF,316,100000,BACKPLANE,,,,0,0,-2,54,-7,,,55,,,
1,1,NPU,0,CHENAB2_NIF,317,100000,BACKPLANE,,,,0,0,-2,54,-7,,,55,,,
1,1,NPU,0,CHENAB2_NIF,318,100000,BACKPLANE,,,,0,0,-2,54,-7,,,55,,,
1,1,NPU,0,CHENAB2_NIF,319,100000,BACKPLANE,,,,0,0,-2,54,-7,,,55,,,
1,1,NPU,0,CHENAB2_NIF,320,100000,BACKPLANE,,,,0,0,-2,54,-7,,,55,,,
1,1,NPU,0,CHENAB2_NIF,321,100000,BACKPLANE,,,,0,0,-2,54,-7,,,55,,,
1,1,NPU,0,CHENAB2_NIF,322,100000,BACKPLANE,,,,0,0,-2,54,-7,,,55,,,
1,1,NPU,0,CHENAB2_NIF,323,100000,BACKPLANE,,,,0,0,-2,54,-7,,,55,,,
1,1,NPU,0,CHENAB2_NIF,324,100000,BACKPLANE,,,,0,0,-2,54,-7,,,55,,,
1,1,NPU,0,CHENAB2_NIF,325,100000,BACKPLANE,,,,0,0,-2,54,-7,,,55,,,
1,1,NPU,0,CHENAB2_NIF,326,100000,BACKPLANE,,,,0,0,-2,54,-7,,,55,,,
1,1,NPU,0,CHENAB2_NIF,327,100000,BACKPLANE,,,,0,0,-2,54,-7,,,55,,,
1,1,NPU,0,CHENAB2_NIF,328,100000,BACKPLANE,,,,0,0,-2,54,-7,,,55,,,
1,1,NPU,0,CHENAB2_NIF,329,100000,BACKPLANE,,,,0,0,-2,54,-7,,,55,,,
1,1,NPU,0,CHENAB2_NIF,330,100000,BACKPLANE,,,,0,0,-2,54,-7,,,55,,,
1,1,NPU,0,CHENAB2_NIF,331,100000,BACKPLANE,,,,0,0,-2,54,-7,,,55,,,
1,1,NPU,0,CHENAB2_NIF,332,100000,BACKPLANE,,,,0,0,-2,54,-7,,,55,,,
1,1,NPU,0,CHENAB2_NIF,333,100000,BACKPLANE,,,,0,0,-2,54,-7,,,55,,,
1,1,NPU,0,CHENAB2_NIF,334,100000,BACKPLANE,,,,0,0,-2,54,-7,,,55,,,
1,1,NPU,0,CHENAB2_NIF,335,100000,BACKPLANE,,,,0,0,-2,54,-7,,,55,,,
1,1,NPU,0,CHENAB2_NIF,336,100000,BACKPLANE,,,,0,0,-2,54,-7,,,55,,,
1,1,NPU,0,CHENAB2_NIF,337,100000,BACKPLANE,,,,0,0,-2,54,-7,,,55,,,
1,1,NPU,0,CHENAB2_NIF,338,100000,BACKPLANE,,,,0,0,-2,54,-7,,,55,,,
1,1,NPU,0,CHENAB2_NIF,339,100000,BACKPLANE,,,,0,0,-2,54,-7,,,55,,,
1,1,NPU,0,CHENAB2_NIF,340,100000,BACKPLANE,,,,0,0,-2,54,-7,,,55,,,
1,1,NPU,0,CHENAB2_NIF,341,100000,BACKPLANE,,,,0,0,-2,54,-7,,,55,,,
1,1,NPU,0,CHENAB2_NIF,342,100000,BACKPLANE,,,,0,0,-2,54,-7,,,55,,,
1,1,NPU,0,CHENAB2_NIF,343,100000,BACKPLANE,,,,0,0,-2,54,-7,,,55,,,
1,1,NPU,0,CHENAB2_NIF,344,100000,BACKPLANE,,,,0,0,-2,54,-7,,,55,,,
1,1,NPU,0,CHENAB2_NIF,345,100000,BACKPLANE,,,,0,0,-2,54,-7,,,55,,,
1,1,NPU,0,CHENAB2_NIF,346,100000,BACKPLANE,,,,0,0,-2,54,-7,,,55,,,
1,1,NPU,0,CHENAB2_NIF,347,100000,BACKPLANE,,,,0,0,-2,54,-7,,,55,,,
1,1,NPU,0,CHENAB2_NIF,348,100000,BACKPLANE,,,,0,0,-2,54,-7,,,55,,,
1,1,NPU,0,CHENAB2_NIF,349,100000,BACKPLANE,,,,0,0,-2,54,-7,,,55,,,
1,1,NPU,0,CHENAB2_NIF,350,100000,BACKPLANE,,,,0,0,-2,54,-7,,,55,,,
1,1,NPU,0,CHENAB2_NIF,351,100000,BACKPLANE,,,,0,0,-2,54,-7,,,55,,,
1,1,NPU,0,CHENAB2_NIF,352,100000,BACKPLANE,,,,0,0,-2,54,-7,,,55,,,
1,1,NPU,0,CHENAB2_NIF,353,100000,BACKPLANE,,,,0,0,-2,54,-7,,,55,,,
1,1,NPU,0,CHENAB2_NIF,354,100000,BACKPLANE,,,,0,0,-2,54,-7,,,55,,,
1,1,NPU,0,CHENAB2_NIF,355,100000,BACKPLANE,,,,0,0,-2,54,-7,,,55,,,
1,1,NPU,0,CHENAB2_NIF,356,100000,BACKPLANE,,,,0,0,-2,54,-7,,,55,,,
1,1,NPU,0,CHENAB2_NIF,357,100000,BACKPLANE,,,,0,0,-2,54,-7,,,55,,,
1,1,NPU,0,CHENAB2_NIF,358,100000,BACKPLANE,,,,0,0,-2,54,-7,,,55,,,
1,1,NPU,0,CHENAB2_NIF,359,100000,BACKPLANE,,,,0,0,-2,54,-7,,,55,,,
1,1,NPU,0,CHENAB2_NIF,360,100000,BACKPLANE,,,,0,0,-2,54,-7,,,55,,,
1,1,NPU,0,CHENAB2_NIF,361,100000,BACKPLANE,,,,0,0,-2,54,-7,,,55,,,
1,1,NPU,0,CHENAB2_NIF,362,100000,BACKPLANE,,,,0,0,-2,54,-7,,,55,,,
1,1,NPU,0,CHENAB2_NIF,363,100000,BACKPLANE,,,,0,0,-2,54,-7,,,55,,,
1,1,NPU,0,CHENAB2_NIF,364,100000,BACKPLANE,,,,0,0,-2,54,-7,,,55,,,
1,1,NPU,0,CHENAB2_NIF,365,100000,BACKPLANE,,,,0,0,-2,54,-7,,,55,,,
1,1,NPU,0,CHENAB2_NIF,366,100000,BACKPLANE,,,,0,0,-2,54,-7,,,55,,,
1,1,NPU,0,CHENAB2_NIF,367,100000,BACKPLANE,,,,0,0,-2,54,-7,,,55,,,
1,1,NPU,0,CHENAB2_NIF,368,100000,BACKPLANE,,,,0,0,-2,54,-7,,,55,,,
1,1,NPU,0,CHENAB2_NIF,369,100000,BACKPLANE,,,,0,0,-2,54,-7,,,55,,,
1,1,NPU,0,CHENAB2_NIF,370,100000,BACKPLANE,,,,0,0,-2,54,-7,,,55,,,
1,1,NPU,0,CHENAB2_NIF,371,100000,BACKPLANE,,,,0,0,-2,54,-7,,,55,,,
1,1,NPU,0,CHENAB2_NIF,372,100000,BACKPLANE,,,,0,0,-2,54,-7,,,55,,,
1,1,NPU,0,CHENAB2_NIF,373,100000,BACKPLANE,,,,0,0,-2,54,-7,,,55,,,
1,1,NPU,0,CHENAB2_NIF,374,100000,BACKPLANE,,,,0,0,-2,54,-7,,,55,,,
1,1,NPU,0,CHENAB2_NIF,375,100000,BACKPLANE,,,,0,0,-2,54,-7,,,55,,,
1,1,NPU,0,CHENAB2_NIF,376,100000,BACKPLANE,,,,0,0,-2,54,-7,,,55,,,
1,1,NPU,0,CHENAB2_NIF,377,100000,BACKPLANE,,,,0,0,-2,54,-7,,,55,,,
1,1,NPU,0,CHENAB2_NIF,378,100000,BACKPLANE,,,,0,0,-2,54,-7,,,55,,,
1,1,NPU,0,CHENAB2_NIF,379,100000,BACKPLANE,,,,0,0,-2,54,-7,,,55,,,
1,1,NPU,0,CHENAB2_NIF,380,100000,BACKPLANE,,,,0,0,-2,54,-7,,,55,,,
1,1,NPU,0,CHENAB2_NIF,381,100000,BACKPLANE,,,,0,0,-2,54,-7,,,55,,,
1,1,NPU,0,CHENAB2_NIF,382,100000,BACKPLANE,,,,0,0,-2,54,-7,,,55,,,
1,1,NPU,0,CHENAB2_NIF,383,100000,BACKPLANE,,,,0,0,-2,54,-7,,,55,,,
1,1,NPU,0,CHENAB2_NIF,384,100000,BACKPLANE,,,,0,0,-2,51,-10,,,55,,,
1,1,NPU,0,CHENAB2_NIF,385,100000,BACKPLANE,,,,0,0,-2,51,-10,,,55,,,
1,1,NPU,0,CHENAB2_NIF,386,100000,BACKPLANE,,,,0,0,-2,51,-10,,,55,,,
1,1,NPU,0,CHENAB2_NIF,387,100000,BACKPLANE,,,,0,0,-2,51,-10,,,55,,,
1,1,NPU,0,CHENAB2_NIF,388,100000,BACKPLANE,,,,0,0,-2,51,-10,,,55,,,
1,1,NPU,0,CHENAB2_NIF,389,100000,BACKPLANE,,,,0,0,-2,51,-10,,,55,,,
1,1,NPU,0,CHENAB2_NIF,390,100000,BACKPLANE,,,,0,0,-2,51,-10,,,55,,,
1,1,NPU,0,CHENAB2_NIF,391,100000,BACKPLANE,,,,0,0,-2,51,-10,,,55,,,
1,1,NPU,0,CHENAB2_NIF,392,100000,BACKPLANE,,,,0,0,-2,51,-10,,,55,,,
1,1,NPU,0,CHENAB2_NIF,393,100000,BACKPLANE,,,,0,0,-2,51,-10,,,55,,,
1,1,NPU,0,CHENAB2_NIF,394,100000,BACKPLANE,,,,0,0,-2,51,-10,,,55,,,
1,1,NPU,0,CHENAB2_NIF,395,100000,BACKPLANE,,,,0,0,-2,51,-10,,,55,,,
1,1,NPU,0,CHENAB2_NIF,396,100000,BACKPLANE,,,,0,0,-2,51,-10,,,55,,,
1,1,NPU,0,CHENAB2_NIF,397,100000,BACKPLANE,,,,0,0,-2,51,-10,,,55,,,
1,1,NPU,0,CHENAB2_NIF,398,100000,BACKPLANE,,,,0,0,-2,51,-10,,,55,,,
1,1,NPU,0,CHENAB2_NIF,399,100000,BACKPLANE,,,,0,0,-2,51,-10,,,55,,,
1,1,NPU,0,CHENAB2_NIF,400,100000,BACKPLANE,,,,0,0,-2,51,-10,,,55,,,
1,1,NPU,0,CHENAB2_NIF,401,100000,BACKPLANE,,,,0,0,-2,51,-10,,,55,,,
1,1,NPU,0,CHENAB2_NIF,402,100000,BACKPLANE,,,,0,0,-2,51,-10,,,55,,,
1,1,NPU,0,CHENAB2_NIF,403,100000,BACKPLANE,,,,0,0,-2,51,-10,,,55,,,
1,1,NPU,0,CHENAB2_NIF,404,100000,BACKPLANE,,,,0,0,-2,51,-10,,,55,,,
1,1,NPU,0,CHENAB2_NIF,405,100000,BACKPLANE,,,,0,0,-2,51,-10,,,55,,,
1,1,NPU,0,CHENAB2_NIF,406,100000,BACKPLANE,,,,0,0,-2,51,-10,,,55,,,
1,1,NPU,0,CHENAB2_NIF,407,100000,BACKPLANE,,,,0,0,-2,51,-10,,,55,,,
1,1,NPU,0,CHENAB2_NIF,408,100000,BACKPLANE,,,,0,0,-2,51,-10,,,55,,,
1,1,NPU,0,CHENAB2_NIF,409,100000,BACKPLANE,,,,0,0,-2,51,-10,,,55,,,
1,1,NPU,0,CHENAB2_NIF,410,100000,BACKPLANE,,,,0,0,-2,51,-10,,,55,,,
1,1,NPU,0,CHENAB2_NIF,411,100000,BACKPLANE,,,,0,0,-2,51,-10,,,55,,,
1,1,NPU,0,CHENAB2_NIF,412,100000,BACKPLANE,,,,0,0,-2,51,-10,,,55,,,
1,1,NPU,0,CHENAB2_NIF,413,100000,BACKPLANE,,,,0,0,-2,51,-10,,,55,,,
1,1,NPU,0,CHENAB2_NIF,414,100000,BACKPLANE,,,,0,0,-2,51,-10,,,55,,,
1,1,NPU,0,CHENAB2_NIF,415,100000,BACKPLANE,,,,0,0,-2,51,-10,,,55,,,
1,1,NPU,0,CHENAB2_NIF,416,100000,BACKPLANE,,,,0,0,-2,51,-10,,,55,,,
1,1,NPU,0,CHENAB2_NIF,417,100000,BACKPLANE,,,,0,0,-2,51,-10,,,55,,,
1,1,NPU,0,CHENAB2_NIF,418,100000,BACKPLANE,,,,0,0,-2,51,-10,,,55,,,
1,1,NPU,0,CHENAB2_NIF,419,100000,BACKPLANE,,,,0,0,-2,51,-10,,,55,,,
1,1,NPU,0,CHENAB2_NIF,420,100000,BACKPLANE,,,,0,0,-2,51,-10,,,55,,,
1,1,NPU,0,CHENAB2_NIF,421,100000,BACKPLANE,,,,0,0,-2,51,-10,,,55,,,
1,1,NPU,0,CHENAB2_NIF,422,100000,BACKPLANE,,,,0,0,-2,51,-10,,,55,,,
1,1,NPU,0,CHENAB2_NIF,423,100000,BACKPLANE,,,,0,0,-2,51,-10,,,55,,,
1,1,NPU,0,CHENAB2_NIF,424,100000,BACKPLANE,,,,0,0,-2,51,-10,,,55,,,
1,1,NPU,0,CHENAB2_NIF,425,100000,BACKPLANE,,,,0,0,-2,51,-10,,,55,,,
1,1,NPU,0,CHENAB2_NIF,426,100000,BACKPLANE,,,,0,0,-2,51,-10,,,55,,,
1,1,NPU,0,CHENAB2_NIF,427,100000,BACKPLANE,,,,0,0,-2,51,-10,,,55,,,
1,1,NPU,0,CHENAB2_NIF,428,100000,BACKPLANE,,,,0,0,-2,51,-10,,,55,,,
1,1,NPU,0,CHENAB2_NIF,429,100000,BACKPLANE,,,,0,0,-2,51,-10,,,55,,,
1,1,NPU,0,CHENAB2_NIF,430,100000,BACKPLANE,,,,0,0,-2,51,-10,,,55,,,
1,1,NPU,0,CHENAB2_NIF,431,100000,BACKPLANE,,,,0,0,-2,51,-10,,,55,,,
1,1,NPU,0,CHENAB2_NIF,432,100000,BACKPLANE,,,,0,0,-2,51,-10,,,55,,,
1,1,NPU,0,CHENAB2_NIF,433,100000,BACKPLANE,,,,0,0,-2,51,-10,,,55,,,
1,1,NPU,0,CHENAB2_NIF,434,100000,BACKPLANE,,,,0,0,-2,51,-10,,,55,,,
1,1,NPU,0,CHENAB2_NIF,435,100000,BACKPLANE,,,,0,0,-2,51,-10,,,55,,,
1,1,NPU,0,CHENAB2_NIF,436,100000,BACKPLANE,,,,0,0,-2,51,-10,,,55,,,
1,1,NPU,0,CHENAB2_NIF,437,100000,BACKPLANE,,,,0,0,-2,51,-10,,,55,,,
1,1,NPU,0,CHENAB2_NIF,438,100000,BACKPLANE,,,,0,0,-2,51,-10,,,55,,,
1,1,NPU,0,CHENAB2_NIF,439,100000,BACKPLANE,,,,0,0,-2,51,-10,,,55,,,
1,1,NPU,0,CHENAB2_NIF,440,100000,BACKPLANE,,,,0,0,-2,51,-10,,,55,,,
1,1,NPU,0,CHENAB2_NIF,441,100000,BACKPLANE,,,,0,0,-2,51,-10,,,55,,,
1,1,NPU,0,CHENAB2_NIF,442,100000,BACKPLANE,,,,0,0,-2,51,-10,,,55,,,
1,1,NPU,0,CHENAB2_NIF,443,100000,BACKPLANE,,,,0,0,-2,51,-10,,,55,,,
1,1,NPU,0,CHENAB2_NIF,444,100000,BACKPLANE,,,,0,0,-2,51,-10,,,55,,,
1,1,NPU,0,CHENAB2_NIF,445,100000,BACKPLANE,,,,0,0,-2,51,-10,,,55,,,
1,1,NPU,0,CHENAB2_NIF,446,100000,BACKPLANE,,,,0,0,-2,51,-10,,,55,,,
1,1,NPU,0,CHENAB2_NIF,447,100000,BACKPLANE,,,,0,0,-2,51,-10,,,55,,,
1,1,NPU,0,CHENAB2_NIF,448,100000,BACKPLANE,,,,0,0,-2,51,-10,,,55,,,
1,1,NPU,0,CHENAB2_NIF,449,100000,BACKPLANE,,,,0,0,-2,51,-10,,,55,,,
1,1,NPU,0,CHENAB2_NIF,450,100000,BACKPLANE,,,,0,0,-2,51,-10,,,55,,,
1,1,NPU,0,CHENAB2_NIF,451,100000,BACKPLANE,,,,0,0,-2,51,-10,,,55,,,
1,1,NPU,0,CHENAB2_NIF,452,100000,BACKPLANE,,,,0,0,-2,51,-10,,,55,,,
1,1,NPU,0,CHENAB2_NIF,453,100000,BACKPLANE,,,,0,0,-2,51,-10,,,55,,,
1,1,NPU,0,CHENAB2_NIF,454,100000,BACKPLANE,,,,0,0,-2,51,-10,,,55,,,
1,1,NPU,0,CHENAB2_NIF,455,100000,BACKPLANE,,,,0,0,-2,51,-10,,,55,,,
1,1,NPU,0,CHENAB2_NIF,456,100000,BACKPLANE,,,,0,0,-2,51,-10,,,55,,,
1,1,NPU,0,CHENAB2_NIF,457,100000,BACKPLANE,,,,0,0,-2,51,-10,,,55,,,
1,1,NPU,0,CHENAB2_NIF,458,100000,BACKPLANE,,,,0,0,-2,51,-10,,,55,,,
1,1,NPU,0,CHENAB2_NIF,459,100000,BACKPLANE,,,,0,0,-2,51,-10,,,55,,,
1,1,NPU,0,CHENAB2_NIF,460,100000,BACKPLANE,,,,0,0,-2,51,-10,,,55,,,
1,1,NPU,0,CHENAB2_NIF,461,100000,BACKPLANE,,,,0,0,-2,51,-10,,,55,,,
1,1,NPU,0,CHENAB2_NIF,462,100000,BACKPLANE,,,,0,0,-2,51,-10,,,55,,,
1,1,NPU,0,CHENAB2_NIF,463,100000,BACKPLANE,,,,0,0,-2,51,-10,,,55,,,
1,1,NPU,0,CHENAB2_NIF,464,100000,BACKPLANE,,,,0,0,-2,51,-10,,,55,,,
1,1,NPU,0,CHENAB2_NIF,465,100000,BACKPLANE,,,,0,0,-2,51,-10,,,55,,,
1,1,NPU,0,CHENAB2_NIF,466,100000,BACKPLANE,,,,0,0,-2,51,-10,,,55,,,
1,1,NPU,0,CHENAB2_NIF,467,100000,BACKPLANE,,,,0,0,-2,51,-10,,,55,,,
1,1,NPU,0,CHENAB2_NIF,468,100000,BACKPLANE,,,,0,0,-2,51,-10,,,55,,,
1,1,NPU,0,CHENAB2_NIF,469,100000,BACKPLANE,,,,0,0,-2,51,-10,,,55,,,
1,1,NPU,0,CHENAB2_NIF,470,100000,BACKPLANE,,,,0,0,-2,51,-10,,,55,,,
1,1,NPU,0,CHENAB2_NIF,471,100000,BACKPLANE,,,,0,0,-2,51,-10,,,55,,,
1,1,NPU,0,CHENAB2_NIF,472,100000,BACKPLANE,,,,0,0,-2,51,-10,,,55,,,
1,1,NPU,0,CHENAB2_NIF,473,100000,BACKPLANE,,,,0,0,-2,51,-10,,,55,,,
1,1,NPU,0,CHENAB2_NIF,474,100000,BACKPLANE,,,,0,0,-2,51,-10,,,55,,,
1,1,NPU,0,CHENAB2_NIF,475,100000,BACKPLANE,,,,0,0,-2,51,-10,,,55,,,
1,1,NPU,0,CHENAB2_NIF,476,100000,BACKPLANE,,,,0,0,-2,51,-10,,,55,,,
1,1,NPU,0,CHENAB2_NIF,477,100000,BACKPLANE,,,,0,0,-2,51,-10,,,55,,,
1,1,NPU,0,CHENAB2_NIF,478,100000,BACKPLANE,,,,0,0,-2,51,-10,,,55,,,
1,1,NPU,0,CHENAB2_NIF,479,100000,BACKPLANE,,,,0,0,-2,51,-10,,,55,,,
1,1,NPU,0,CHENAB2_NIF,480,100000,BACKPLANE,,,,0,0,-2,51,-10,,,55,,,
1,1,NPU,0,CHENAB2_NIF,481,100000,BACKPLANE,,,,0,0,-2,51,-10,,,55,,,
1,1,NPU,0,CHENAB2_NIF,482,100000,BACKPLANE,,,,0,0,-2,51,-10,,,55,,,
1,1,NPU,0,CHENAB2_NIF,483,100000,BACKPLANE,,,,0,0,-2,51,-10,,,55,,,
1,1,NPU,0,CHENAB2_NIF,484,100000,BACKPLANE,,,,0,0,-2,51,-10,,,55,,,
1,1,NPU,0,CHENAB2_NIF,485,100000,BACKPLANE,,,,0,0,-2,51,-10,,,55,,,
1,1,NPU,0,CHENAB2_NIF,486,100000,BACKPLANE,,,,0,0,-2,51,-10,,,55,,,
1,1,NPU,0,CHENAB2_NIF,487,100000,BACKPLANE,,,,0,0,-2,51,-10,,,55,,,
1,1,NPU,0,CHENAB2_NIF,488,100000,BACKPLANE,,,,0,0,-2,51,-10,,,55,,,
1,1,NPU,0,CHENAB2_NIF,489,100000,BACKPLANE,,,,0,0,-2,51,-10,,,55,,,
1,1,NPU,0,CHENAB2_NIF,490,100000,BACKPLANE,,,,0,0,-2,51,-10,,,55,,,
1,1,NPU,0,CHENAB2_NIF,491,100000,BACKPLANE,,,,0,0,-2,51,-10,,,55,,,
1,1,NPU,0,CHENAB2_NIF,492,100000,BACKPLANE,,,,0,0,-2,51,-10,,,55,,,
1,1,NPU,0,CHENAB2_NIF,493,100000,BACKPLANE,,,,0,0,-2,51,-10,,,55,,,
1,1,NPU,0,CHENAB2_NIF,494,100000,BACKPLANE,,,,0,0,-2,51,-10,,,55,,,
1,1,NPU,0,CHENAB2_NIF,495,100000,BACKPLANE,,,,0,0,-2,51,-10,,,55,,,
1,1,NPU,0,CHENAB2_NIF,496,100000,BACKPLANE,,,,0,0,-2,51,-10,,,55,,,
1,1,NPU,0,CHENAB2_NIF,497,100000,BACKPLANE,,,,0,0,-2,51,-10,,,55,,,
1,1,NPU,0,CHENAB2_NIF,498,100000,BACKPLANE,,,,0,0,-2,51,-10,,,55,,,
1,1,NPU,0,CHENAB2_NIF,499,100000,BACKPLANE,,,,0,0,-2,51,-10,,,55,,,
1,1,NPU,0,CHENAB2_NIF,500,100000,BACKPLANE,,,,0,0,-2,51,-10,,,55,,,
1,1,NPU,0,CHENAB2_NIF,501,100000,BACKPLANE,,,,0,0,-2,51,-10,,,55,,,
1,1,NPU,0,CHENAB2_NIF,502,100000,BACKPLANE,,,,0,0,-2,51,-10,,,55,,,
1,1,NPU,0,CHENAB2_NIF,503,100000,BACKPLANE,,,,0,0,-2,51,-10,,,55,,,
1,1,NPU,0,CHENAB2_NIF,504,100000,BACKPLANE,,,,0,0,-2,51,-10,,,55,,,
1,1,NPU,0,CHENAB2_NIF,505,100000,BACKPLANE,,,,0,0,-2,51,-10,,,55,,,
1,1,NPU,0,CHENAB2_NIF,506,100000,BACKPLANE,,,,0,0,-2,51,-10,,,55,,,
1,1,NPU,0,CHENAB2_NIF,507,100000,BACKPLANE,,,,0,0,-2,51,-10,,,55,,,
1,1,NPU,0,CHENAB2_NIF,508,100000,BACKPLANE,,,,0,0,-2,51,-10,,,55,,,
1,1,NPU,0,CHENAB2_NIF,509,100000,BACKPLANE,,,,0,0,-2,51,-10,,,55,,,
1,1,NPU,0,CHENAB2_NIF,510,100000,BACKPLANE,,,,0,0,-2,51,-10,,,55,,,
1,1,NPU,0,CHENAB2_NIF,511,100000,BACKPLANE,,,,0,0,-2,51,-10,,,55,,,
1,1,NPU,0,CHENAB2_NIF,512,25000,BACKPLANE,,,,0,0,-2,49,-12,,,55,,,
1,1,NPU,0,CHENAB2_NIF,513,25000,BACKPLANE,,,,0,0,-2,49,-12,,,55,,,
1,1,NPU,0,CHENAB2_NIF,0,200000,COPPER,,,,0,5,-15,43,0,,,55,,,
1,1,NPU,0,CHENAB2_NIF,1,200000,COPPER,,,,0,5,-15,43,0,,,55,,,
1,1,NPU,0,CHENAB2_NIF,2,200000,COPPER,,,,0,5,-15,43,0,,,55,,,
1,1,NPU,0,CHENAB2_NIF,3,200000,COPPER,,,,0,5,-15,43,0,,,55,,,
1,1,NPU,0,CHENAB2_NIF,4,200000,COPPER,,,,0,5,-15,43,0,,,55,,,
1,1,NPU,0,CHENAB2_NIF,5,200000,COPPER,,,,0,5,-15,43,0,,,55,,,
1,1,NPU,0,CHENAB2_NIF,6,200000,COPPER,,,,0,5,-15,43,0,,,55,,,
1,1,NPU,0,CHENAB2_NIF,7,200000,COPPER,,,,0,5,-15,43,0,,,55,,,
1,1,NPU,0,CHENAB2_NIF,8,200000,COPPER,,,,0,5,-15,43,0,,,55,,,
1,1,NPU,0,CHENAB2_NIF,9,200000,COPPER,,,,0,5,-15,43,0,,,55,,,
1,1,NPU,0,CHENAB2_NIF,10,200000,COPPER,,,,0,5,-15,43,0,,,55,,,
1,1,NPU,0,CHENAB2_NIF,11,200000,COPPER,,,,0,5,-15,43,0,,,55,,,
1,1,NPU,0,CHENAB2_NIF,12,200000,COPPER,,,,0,5,-15,43,0,,,55,,,
1,1,NPU,0,CHENAB2_NIF,13,200000,COPPER,,,,0,5,-15,43,0,,,55,,,
1,1,NPU,0,CHENAB2_NIF,14,200000,COPPER,,,,0,5,-15,43,0,,,55,,,
1,1,NPU,0,CHENAB2_NIF,15,200000,COPPER,,,,0,5,-15,43,0,,,55,,,
1,1,NPU,0,CHENAB2_NIF,16,200000,COPPER,,,,0,5,-15,43,0,,,55,,,
1,1,NPU,0,CHENAB2_NIF,17,200000,COPPER,,,,0,5,-15,43,0,,,55,,,
1,1,NPU,0,CHENAB2_NIF,18,200000,COPPER,,,,0,5,-15,43,0,,,55,,,
1,1,NPU,0,CHENAB2_NIF,19,200000,COPPER,,,,0,5,-15,43,0,,,55,,,
1,1,NPU,0,CHENAB2_NIF,20,200000,COPPER,,,,0,5,-15,43,0,,,55,,,
1,1,NPU,0,CHENAB2_NIF,21,200000,COPPER,,,,0,5,-15,43,0,,,55,,,
1,1,NPU,0,CHENAB2_NIF,22,200000,COPPER,,,,0,5,-15,43,0,,,55,,,
1,1,NPU,0,CHENAB2_NIF,23,200000,COPPER,,,,0,5,-15,43,0,,,55,,,
1,1,NPU,0,CHENAB2_NIF,24,200000,COPPER,,,,0,5,-15,43,0,,,55,,,
1,1,NPU,0,CHENAB2_NIF,25,200000,COPPER,,,,0,5,-15,43,0,,,55,,,
1,1,NPU,0,CHENAB2_NIF,26,200000,COPPER,,,,0,5,-15,43,0,,,55,,,
1,1,NPU,0,CHENAB2_NIF,27,200000,COPPER,,,,0,5,-15,43,0,,,55,,,
1,1,NPU,0,CHENAB2_NIF,28,200000,COPPER,,,,0,5,-15,43,0,,,55,,,
1,1,NPU,0,CHENAB2_NIF,29,200000,COPPER,,,,0,5,-15,43,0,,,55,,,
1,1,NPU,0,CHENAB2_NIF,30,200000,COPPER,,,,0,5,-15,43,0,,,55,,,
1,1,NPU,0,CHENAB2_NIF,31,200000,COPPER,,,,0,5,-15,43,0,,,55,,,
1,1,NPU,0,CHENAB2_NIF,32,200000,COPPER,,,,0,5,-15,43,0,,,55,,,
1,1,NPU,0,CHENAB2_NIF,33,200000,COPPER,,,,0,5,-15,43,0,,,55,,,
1,1,NPU,0,CHENAB2_NIF,34,200000,COPPER,,,,0,5,-15,43,0,,,55,,,
1,1,NPU,0,CHENAB2_NIF,35,200000,COPPER,,,,0,5,-15,43,0,,,55,,,
1,1,NPU,0,CHENAB2_NIF,36,200000,COPPER,,,,0,5,-15,43,0,,,55,,,
1,1,NPU,0,CHENAB2_NIF,37,200000,COPPER,,,,0,5,-15,43,0,,,55,,,
1,1,NPU,0,CHENAB2_NIF,38,200000,COPPER,,,,0,5,-15,43,0,,,55,,,
1,1,NPU,0,CHENAB2_NIF,39,200000,COPPER,,,,0,5,-15,43,0,,,55,,,
1,1,NPU,0,CHENAB2_NIF,40,200000,COPPER,,,,0,5,-15,43,0,,,55,,,
1,1,NPU,0,CHENAB2_NIF,41,200000,COPPER,,,,0,5,-15,43,0,,,55,,,
1,1,NPU,0,CHENAB2_NIF,42,200000,COPPER,,,,0,5,-15,43,0,,,55,,,
1,1,NPU,0,CHENAB2_NIF,43,200000,COPPER,,,,0,5,-15,43,0,,,55,,,
1,1,NPU,0,CHENAB2_NIF,44,200000,COPPER,,,,0,5,-15,43,0,,,55,,,
1,1,NPU,0,CHENAB2_NIF,45,200000,COPPER,,,,0,5,-15,43,0,,,55,,,
1,1,NPU,0,CHENAB2_NIF,46,200000,COPPER,,,,0,5,-15,43,0,,,55,,,
1,1,NPU,0,CHENAB2_NIF,47,200000,COPPER,,,,0,5,-15,43,0,,,55,,,
1,1,NPU,0,CHENAB2_NIF,48,200000,COPPER,,,,0,5,-15,43,0,,,55,,,
1,1,NPU,0,CHENAB2_NIF,49,200000,COPPER,,,,0,5,-15,43,0,,,55,,,
1,1,NPU,0,CHENAB2_NIF,50,200000,COPPER,,,,0,5,-15,43,0,,,55,,,
1,1,NPU,0,CHENAB2_NIF,51,200000,COPPER,,,,0,5,-15,43,0,,,55,,,
1,1,NPU,0,CHENAB2_NIF,52,200000,COPPER,,,,0,5,-15,43,0,,,55,,,
1,1,NPU,0,CHENAB2_NIF,53,200000,COPPER,,,,0,5,-15,43,0,,,55,,,
1,1,NPU,0,CHENAB2_NIF,54,200000,COPPER,,,,0,5,-15,43,0,,,55,,,
1,1,NPU,0,CHENAB2_NIF,55,200000,COPPER,,,,0,5,-15,43,0,,,55,,,
1,1,NPU,0,CHENAB2_NIF,56,200000,COPPER,,,,0,5,-15,43,0,,,55,,,
1,1,NPU,0,CHENAB2_NIF,57,200000,COPPER,,,,0,5,-15,43,0,,,55,,,
1,1,NPU,0,CHENAB2_NIF,58,200000,COPPER,,,,0,5,-15,43,0,,,55,,,
1,1,NPU,0,CHENAB2_NIF,59,200000,COPPER,,,,0,5,-15,43,0,,,55,,,
1,1,NPU,0,CHENAB2_NIF,60,200000,COPPER,,,,0,5,-15,43,0,,,55,,,
1,1,NPU,0,CHENAB2_NIF,61,200000,COPPER,,,,0,5,-15,43,0,,,55,,,
1,1,NPU,0,CHENAB2_NIF,62,200000,COPPER,,,,0,5,-15,43,0,,,55,,,
1,1,NPU,0,CHENAB2_NIF,63,200000,COPPER,,,,0,5,-15,43,0,,,55,,,
1,1,NPU,0,CHENAB2_NIF,64,200000,COPPER,,,,0,5,-15,43,0,,,55,,,
1,1,NPU,0,CHENAB2_NIF,65,200000,COPPER,,,,0,5,-15,43,0,,,55,,,
1,1,NPU,0,CHENAB2_NIF,66,200000,COPPER,,,,0,5,-15,43,0,,,55,,,
1,1,NPU,0,CHENAB2_NIF,67,200000,COPPER,,,,0,5,-15,43,0,,,55,,,
1,1,NPU,0,CHENAB2_NIF,68,200000,COPPER,,,,0,5,-15,43,0,,,55,,,
1,1,NPU,0,CHENAB2_NIF,69,200000,COPPER,,,,0,5,-15,43,0,,,55,,,
1,1,NPU,0,CHENAB2_NIF,70,200000,COPPER,,,,0,5,-15,43,0,,,55,,,
1,1,NPU,0,CHENAB2_NIF,71,200000,COPPER,,,,0,5,-15,43,0,,,55,,,
1,1,NPU,0,CHENAB2_NIF,72,200000,COPPER,,,,0,5,-15,43,0,,,55,,,
1,1,NPU,0,CHENAB2_NIF,73,200000,COPPER,,,,0,5,-15,43,0,,,55,,,
1,1,NPU,0,CHENAB2_NIF,74,200000,COPPER,,,,0,5,-15,43,0,,,55,,,
1,1,NPU,0,CHENAB2_NIF,75,200000,COPPER,,,,0,5,-15,43,0,,,55,,,
1,1,NPU,0,CHENAB2_NIF,76,200000,COPPER,,,,0,5,-15,43,0,,,55,,,
1,1,NPU,0,CHENAB2_NIF,77,200000,COPPER,,,,0,5,-15,43,0,,,55,,,
1,1,NPU,0,CHENAB2_NIF,78,200000,COPPER,,,,0,5,-15,43,0,,,55,,,
1,1,NPU,0,CHENAB2_NIF,79,200000,COPPER,,,,0,5,-15,43,0,,,55,,,
1,1,NPU,0,CHENAB2_NIF,80,200000,COPPER,,,,0,5,-15,43,0,,,55,,,
1,1,NPU,0,CHENAB2_NIF,81,200000,COPPER,,,,0,5,-15,43,0,,,55,,,
1,1,NPU,0,CHENAB2_NIF,82,200000,COPPER,,,,0,5,-15,43,0,,,55,,,
1,1,NPU,0,CHENAB2_NIF,83,200000,COPPER,,,,0,5,-15,43,0,,,55,,,
1,1,NPU,0,CHENAB2_NIF,84,200000,COPPER,,,,0,5,-15,43,0,,,55,,,
1,1,NPU,0,CHENAB2_NIF,85,200000,COPPER,,,,0,5,-15,43,0,,,55,,,
1,1,NPU,0,CHENAB2_NIF,86,200000,COPPER,,,,0,5,-15,43,0,,,55,,,
1,1,NPU,0,CHENAB2_NIF,87,200000,COPPER,,,,0,5,-15,43,0,,,55,,,
1,1,NPU,0,CHENAB2_NIF,88,200000,COPPER,,,,0,5,-15,43,0,,,55,,,
1,1,NPU,0,CHENAB2_NIF,89,200000,COPPER,,,,0,5,-15,43,0,,,55,,,
1,1,NPU,0,CHENAB2_NIF,90,200000,COPPER,,,,0,5,-15,43,0,,,55,,,
1,1,NPU,0,CHENAB2_NIF,91,200000,COPPER,,,,0,5,-15,43,0,,,55,,,
1,1,NPU,0,CHENAB2_NIF,92,200000,COPPER,,,,0,5,-15,43,0,,,55,,,
1,1,NPU,0,CHENAB2_NIF,93,200000,COPPER,,,,0,5,-15,43,0,,,55,,,
1,1,NPU,0,CHENAB2_NIF,94,200000,COPPER,,,,0,5,-15,43,0,,,55,,,
1,1,NPU,0,CHENAB2_NIF,95,200000,COPPER,,,,0,5,-15,43,0,,,55,,,
1,1,NPU,0,CHENAB2_NIF,96,200000,COPPER,,,,0,5,-15,43,0,,,55,,,
1,1,NPU,0,CHENAB2_NIF,97,200000,COPPER,,,,0,5,-15,43,0,,,55,,,
1,1,NPU,0,CHENAB2_NIF,98,200000,COPPER,,,,0,5,-15,43,0,,,55,,,
1,1,NPU,0,CHENAB2_NIF,99,200000,COPPER,,,,0,5,-15,43,0,,,55,,,
1,1,NPU,0,CHENAB2_NIF,100,200000,COPPER,,,,0,5,-15,43,0,,,55,,,
1,1,NPU,0,CHENAB2_NIF,101,200000,COPPER,,,,0,5,-15,43,0,,,55,,,
1,1,NPU,0,CHENAB2_NIF,102,200000,COPPER,,,,0,5,-15,43,0,,,55,,,
1,1,NPU,0,CHENAB2_NIF,103,200000,COPPER,,,,0,5,-15,43,0,,,55,,,
1,1,NPU,0,CHENAB2_NIF,104,200000,COPPER,,,,0,5,-15,43,0,,,55,,,
1,1,NPU,0,CHENAB2_NIF,105,200000,COPPER,,,,0,5,-15,43,0,,,55,,,
1,1,NPU,0,CHENAB2_NIF,106,200000,COPPER,,,,0,5,-15,43,0,,,55,,,
1,1,NPU,0,CHENAB2_NIF,107,200000,COPPER,,,,0,5,-15,43,0,,,55,,,
1,1,NPU,0,CHENAB2_NIF,108,200000,COPPER,,,,0,5,-15,43,0,,,55,,,
1,1,NPU,0,CHENAB2_NIF,109,200000,COPPER,,,,0,5,-15,43,0,,,55,,,
1,1,NPU,0,CHENAB2_NIF,110,200000,COPPER,,,,0,5,-15,43,0,,,55,,,
1,1,NPU,0,CHENAB2_NIF,111,200000,COPPER,,,,0,5,-15,43,0,,,55,,,
1,1,NPU,0,CHENAB2_NIF,112,200000,COPPER,,,,0,5,-15,43,0,,,55,,,
1,1,NPU,0,CHENAB2_NIF,113,200000,COPPER,,,,0,5,-15,43,0,,,55,,,
1,1,NPU,0,CHENAB2_NIF,114,200000,COPPER,,,,0,5,-15,43,0,,,55,,,
1,1,NPU,0,CHENAB2_NIF,115,200000,COPPER,,,,0,5,-15,43,0,,,55,,,
1,1,NPU,0,CHENAB2_NIF,116,200000,COPPER,,,,0,5,-15,43,0,,,55,,,
1,1,NPU,0,CHENAB2_NIF,117,200000,COPPER,,,,0,5,-15,43,0,,,55,,,
1,1,NPU,0,CHENAB2_NIF,118,200000,COPPER,,,,0,5,-15,43,0,,,55,,,
1,1,NPU,0,CHENAB2_NIF,119,200000,COPPER,,,,0,5,-15,43,0,,,55,,,
1,1,NPU,0,CHENAB2_NIF,120,200000,COPPER,,,,0,5,-15,43,0,,,55,,,
1,1,NPU,0,CHENAB2_NIF,121,200000,COPPER,,,,0,5,-15,43,0,,,55,,,
1,1,NPU,0,CHENAB2_NIF,122,200000,COPPER,,,,0,5,-15,43,0,,,55,,,
1,1,NPU,0,CHENAB2_NIF,123,200000,COPPER,,,,0,5,-15,43,0,,,55,,,
1,1,NPU,0,CHENAB2_NIF,124,200000,COPPER,,,,0,5,-15,43,0,,,55,,,
1,1,NPU,0,CHENAB2_NIF,125,200000,COPPER,,,,0,5,-15,43,0,,,55,,,
1,1,NPU,0,CHENAB2_NIF,126,200000,COPPER,,,,0,5,-15,43,0,,,55,,,
1,1,NPU,0,CHENAB2_NIF,127,200000,COPPER,,,,0,5,-15,43,0,,,55,,,
1,1,NPU,0,CHENAB2_NIF,128,200000,COPPER,,,,0,5,-15,43,0,,,55,,,
1,1,NPU,0,CHENAB2_NIF,129,200000,COPPER,,,,0,5,-15,43,0,,,55,,,
1,1,NPU,0,CHENAB2_NIF,130,200000,COPPER,,,,0,5,-15,43,0,,,55,,,
1,1,NPU,0,CHENAB2_NIF,131,200000,COPPER,,,,0,5,-15,43,0,,,55,,,
1,1,NPU,0,CHENAB2_NIF,132,200000,COPPER,,,,0,5,-15,43,0,,,55,,,
1,1,NPU,0,CHENAB2_NIF,133,200000,COPPER,,,,0,5,-15,43,0,,,55,,,
1,1,NPU,0,CHENAB2_NIF,134,200000,COPPER,,,,0,5,-15,43,0,,,55,,,
1,1,NPU,0,CHENAB2_NIF,135,200000,COPPER,,,,0,5,-15,43,0,,,55,,,
1,1,NPU,0,CHENAB2_NIF,136,200000,COPPER,,,,0,5,-15,43,0,,,55,,,
1,1,NPU,0,CHENAB2_NIF,137,200000,COPPER,,,,0,5,-15,43,0,,,55,,,
1,1,NPU,0,CHENAB2_NIF,138,200000,COPPER,,,,0,5,-15,43,0,,,55,,,
1,1,NPU,0,CHENAB2_NIF,139,200000,COPPER,,,,0,5,-15,43,0,,,55,,,
1,1,NPU,0,CHENAB2_NIF,140,200000,COPPER,,,,0,5,-15,43,0,,,55,,,
1,1,NPU,0,CHENAB2_NIF,141,200000,COPPER,,,,0,5,-15,43,0,,,55,,,
1,1,NPU,0,CHENAB2_NIF,142,200000,COPPER,,,,0,5,-15,43,0,,,55,,,
1,1,NPU,0,CHENAB2_NIF,143,200000,COPPER,,,,0,5,-15,43,0,,,55,,,
1,1,NPU,0,CHENAB2_NIF,144,200000,COPPER,,,,0,5,-15,43,0,,,55,,,
1,1,NPU,0,CHENAB2_NIF,145,200000,COPPER,,,,0,5,-15,43,0,,,55,,,
1,1,NPU,0,CHENAB2_NIF,146,200000,COPPER,,,,0,5,-15,43,0,,,55,,,
1,1,NPU,0,CHENAB2_NIF,147,200000,COPPER,,,,0,5,-15,43,0,,,55,,,
1,1,NPU,0,CHENAB2_NIF,148,200000,COPPER,,,,0,5,-15,43,0,,,55,,,
1,1,NPU,0,CHENAB2_NIF,149,200000,COPPER,,,,0,5,-15,43,0,,,55,,,
1,1,NPU,0,CHENAB2_NIF,150,200000,COPPER,,,,0,5,-15,43,0,,,55,,,
1,1,NPU,0,CHENAB2_NIF,151,200000,COPPER,,,,0,5,-15,43,0,,,55,,,
1,1,NPU,0,CHENAB2_NIF,152,200000,COPPER,,,,0,5,-15,43,0,,,55,,,
1,1,NPU,0,CHENAB2_NIF,153,200000,COPPER,,,,0,5,-15,43,0,,,55,,,
1,1,NPU,0,CHENAB2_NIF,154,200000,COPPER,,,,0,5,-15,43,0,,,55,,,
1,1,NPU,0,CHENAB2_NIF,155,200000,COPPER,,,,0,5,-15,43,0,,,55,,,
1,1,NPU,0,CHENAB2_NIF,156,200000,COPPER,,,,0,5,-15,43,0,,,55,,,
1,1,NPU,0,CHENAB2_NIF,157,200000,COPPER,,,,0,5,-15,43,0,,,55,,,
1,1,NPU,0,CHENAB2_NIF,158,200000,COPPER,,,,0,5,-15,43,0,,,55,,,
1,1,NPU,0,CHENAB2_NIF,159,200000,COPPER,,,,0,5,-15,43,0,,,55,,,
1,1,NPU,0,CHENAB2_NIF,160,200000,COPPER,,,,0,5,-15,43,0,,,55,,,
1,1,NPU,0,CHENAB2_NIF,161,200000,COPPER,,,,0,5,-15,43,0,,,55,,,
1,1,NPU,0,CHENAB2_NIF,162,200000,COPPER,,,,0,5,-15,43,0,,,55,,,
1,1,NPU,0,CHENAB2_NIF,163,200000,COPPER,,,,0,5,-15,43,0,,,55,,,
1,1,NPU,0,CHENAB2_NIF,164,200000,COPPER,,,,0,5,-15,43,0,,,55,,,
1,1,NPU,0,CHENAB2_NIF,165,200000,COPPER,,,,0,5,-15,43,0,,,55,,,
1,1,NPU,0,CHENAB2_NIF,166,200000,COPPER,,,,0,5,-15,43,0,,,55,,,
1,1,NPU,0,CHENAB2_NIF,167,200000,COPPER,,,,0,5,-15,43,0,,,55,,,
1,1,NPU,0,CHENAB2_NIF,168,200000,COPPER,,,,0,5,-15,43,0,,,55,,,
1,1,NPU,0,CHENAB2_NIF,169,200000,COPPER,,,,0,5,-15,43,0,,,55,,,
1,1,NPU,0,CHENAB2_NIF,170,200000,COPPER,,,,0,5,-15,43,0,,,55,,,
1,1,NPU,0,CHENAB2_NIF,171,200000,COPPER,,,,0,5,-15,43,0,,,55,,,
1,1,NPU,0,CHENAB2_NIF,172,200000,COPPER,,,,0,5,-15,43,0,,,55,,,
1,1,NPU,0,CHENAB2_NIF,173,200000,COPPER,,,,0,5,-15,43,0,,,55,,,
1,1,NPU,0,CHENAB2_NIF,174,200000,COPPER,,,,0,5,-15,43,0,,,55,,,
1,1,NPU,0,CHENAB2_NIF,175,200000,COPPER,,,,0,5,-15,43,0,,,55,,,
1,1,NPU,0,CHENAB2_NIF,176,200000,COPPER,,,,0,5,-15,43,0,,,55,,,
1,1,NPU,0,CHENAB2_NIF,177,200000,COPPER,,,,0,5,-15,43,0,,,55,,,
1,1,NPU,0,CHENAB2_NIF,178,200000,COPPER,,,,0,5,-15,43,0,,,55,,,
1,1,NPU,0,CHENAB2_NIF,179,200000,COPPER,,,,0,5,-15,43,0,,,55,,,
1,1,NPU,0,CHENAB2_NIF,180,200000,COPPER,,,,0,5,-15,43,0,,,55,,,
1,1,NPU,0,CHENAB2_NIF,181,200000,COPPER,,,,0,5,-15,43,0,,,55,,,
1,1,NPU,0,CHENAB2_NIF,182,200000,COPPER,,,,0,5,-15,43,0,,,55,,,
1,1,NPU,0,CHENAB2_NIF,183,200000,COPPER,,,,0,5,-15,43,0,,,55,,,
1,1,NPU,0,CHENAB2_NIF,184,200000,COPPER,,,,0,5,-15,43,0,,,55,,,
1,1,NPU,0,CHENAB2_NIF,185,200000,COPPER,,,,0,5,-15,43,0,,,55,,,
1,1,NPU,0,CHENAB2_NIF,186,200000,COPPER,,,,0,5,-15,43,0,,,55,,,
1,1,NPU,0,CHENAB2_NIF,187,200000,COPPER,,,,0,5,-15,43,0,,,55,,,
1,1,NPU,0,CHENAB2_NIF,188,200000,COPPER,,,,0,5,-15,43,0,,,55,,,
1,1,NPU,0,CHENAB2_NIF,189,200000,COPPER,,,,0,5,-15,43,0,,,55,,,
1,1,NPU,0,CHENAB2_NIF,190,200000,COPPER,,,,0,5,-15,43,0,,,55,,,
1,1,NPU,0,CHENAB2_NIF,191,200000,COPPER,,,,0,5,-15,43,0,,,55,,,
1,1,NPU,0,CHENAB2_NIF,192,200000,COPPER,,,,0,5,-15,43,0,,,55,,,
1,1,NPU,0,CHENAB2_NIF,193,200000,COPPER,,,,0,5,-15,43,0,,,55,,,
1,1,NPU,0,CHENAB2_NIF,194,200000,COPPER,,,,0,5,-15,43,0,,,55,,,
1,1,NPU,0,CHENAB2_NIF,195,200000,COPPER,,,,0,5,-15,43,0,,,55,,,
1,1,NPU,0,CHENAB2_NIF,196,200000,COPPER,,,,0,5,-15,43,0,,,55,,,
1,1,NPU,0,CHENAB2_NIF,197,200000,COPPER,,,,0,5,-15,43,0,,,55,,,
1,1,NPU,0,CHENAB2_NIF,198,200000,COPPER,,,,0,5,-15,43,0,,,55,,,
1,1,NPU,0,CHENAB2_NIF,199,200000,COPPER,,,,0,5,-15,43,0,,,55,,,
1,1,NPU,0,CHENAB2_NIF,200,200000,COPPER,,,,0,5,-15,43,0,,,55,,,
1,1,NPU,0,CHENAB2_NIF,201,200000,COPPER,,,,0,5,-15,43,0,,,55,,,
1,1,NPU,0,CHENAB2_NIF,202,200000,COPPER,,,,0,5,-15,43,0,,,55,,,
1,1,NPU,0,CHENAB2_NIF,203,200000,COPPER,,,,0,5,-15,43,0,,,55,,,
1,1,NPU,0,CHENAB2_NIF,204,200000,COPPER,,,,0,5,-15,43,0,,,55,,,
1,1,NPU,0,CHENAB2_NIF,205,200000,COPPER,,,,0,5,-15,43,0,,,55,,,
1,1,NPU,0,CHENAB2_NIF,206,200000,COPPER,,,,0,5,-15,43,0,,,55,,,
1,1,NPU,0,CHENAB2_NIF,207,200000,COPPER,,,,0,5,-15,43,0,,,55,,,
1,1,NPU,0,CHENAB2_NIF,208,200000,COPPER,,,,0,5,-15,43,0,,,55,,,
1,1,NPU,0,CHENAB2_NIF,209,200000,COPPER,,,,0,5,-15,43,0,,,55,,,
1,1,NPU,0,CHENAB2_NIF,210,200000,COPPER,,,,0,5,-15,43,0,,,55,,,
1,1,NPU,0,CHENAB2_NIF,211,200000,COPPER,,,,0,5,-15,43,0,,,55,,,
1,1,NPU,0,CHENAB2_NIF,212,200000,COPPER,,,,0,5,-15,43,0,,,55,,,
1,1,NPU,0,CHENAB2_NIF,213,200000,COPPER,,,,0,5,-15,43,0,,,55,,,
1,1,NPU,0,CHENAB2_NIF,214,200000,COPPER,,,,0,5,-15,43,0,,,55,,,
1,1,NPU,0,CHENAB2_NIF,215,200000,COPPER,,,,0,5,-15,43,0,,,55,,,
1,1,NPU,0,CHENAB2_NIF,216,200000,COPPER,,,,0,5,-15,43,0,,,55,,,
1,1,NPU,0,CHENAB2_NIF,217,200000,COPPER,,,,0,5,-15,43,0,,,55,,,
1,1,NPU,0,CHENAB2_NIF,218,200000,COPPER,,,,0,5,-15,43,0,,,55,,,
1,1,NPU,0,CHENAB2_NIF,219,200000,COPPER,,,,0,5,-15,43,0,,,55,,,
1,1,NPU,0,CHENAB2_NIF,220,200000,COPPER,,,,0,5,-15,43,0,,,55,,,
1,1,NPU,0,CHENAB2_NIF,221,200000,COPPER,,,,0,5,-15,43,0,,,55,,,
1,1,NPU,0,CHENAB2_NIF,222,200000,COPPER,,,,0,5,-15,43,0,,,55,,,
1,1,NPU,0,CHENAB2_NIF,223,200000,COPPER,,,,0,5,-15,43,0,,,55,,,
1,1,NPU,0,CHENAB2_NIF,224,200000,COPPER,,,,0,5,-15,43,0,,,55,,,
1,1,NPU,0,CHENAB2_NIF,225,200000,COPPER,,,,0,5,-15,43,0,,,55,,,
1,1,NPU,0,CHENAB2_NIF,226,200000,COPPER,,,,0,5,-15,43,0,,,55,,,
1,1,NPU,0,CHENAB2_NIF,227,200000,COPPER,,,,0,5,-15,43,0,,,55,,,
1,1,NPU,0,CHENAB2_NIF,228,200000,COPPER,,,,0,5,-15,43,0,,,55,,,
1,1,NPU,0,CHENAB2_NIF,229,200000,COPPER,,,,0,5,-15,43,0,,,55,,,
1,1,NPU,0,CHENAB2_NIF,230,200000,COPPER,,,,0,5,-15,43,0,,,55,,,
1,1,NPU,0,CHENAB2_NIF,231,200000,COPPER,,,,0,5,-15,43,0,,,55,,,
1,1,NPU,0,CHENAB2_NIF,232,200000,COPPER,,,,0,5,-15,43,0,,,55,,,
1,1,NPU,0,CHENAB2_NIF,233,200000,COPPER,,,,0,5,-15,43,0,,,55,,,
1,1,NPU,0,CHENAB2_NIF,234,200000,COPPER,,,,0,5,-15,43,0,,,55,,,
1,1,NPU,0,CHENAB2_NIF,235,200000,COPPER,,,,0,5,-15,43,0,,,55,,,
1,1,NPU,0,CHENAB2_NIF,236,200000,COPPER,,,,0,5,-15,43,0,,,55,,,
1,1,NPU,0,CHENAB2_NIF,237,200000,COPPER,,,,0,5,-15,43,0,,,55,,,
1,1,NPU,0,CHENAB2_NIF,238,200000,COPPER,,,,0,5,-15,43,0,,,55,,,
1,1,NPU,0,CHENAB2_NIF,239,200000,COPPER,,,,0,5,-15,43,0,,,55,,,
1,1,NPU,0,CHENAB2_NIF,240,200000,COPPER,,,,0,5,-15,43,0,,,55,,,
1,1,NPU,0,CHENAB2_NIF,241,200000,COPPER,,,,0,5,-15,43,0,,,55,,,
1,1,NPU,0,CHENAB2_NIF,242,200000,COPPER,,,,0,5,-15,43,0,,,55,,,
1,1,NPU,0,CHENAB2_NIF,243,200000,COPPER,,,,0,5,-15,43,0,,,55,,,
1,1,NPU,0,CHENAB2_NIF,244,200000,COPPER,,,,0,5,-15,43,0,,,55,,,
1,1,NPU,0,CHENAB2_NIF,245,200000,COPPER,,,,0,5,-15,43,0,,,55,,,
1,1,NPU,0,CHENAB2_NIF,246,200000,COPPER,,,,0,5,-15,43,0,,,55,,,
1,1,NPU,0,CHENAB2_NIF,247,200000,COPPER,,,,0,5,-15,43,0,,,55,,,
1,1,NPU,0,CHENAB2_NIF,248,200000,COPPER,,,,0,5,-15,43,0,,,55,,,
1,1,NPU,0,CHENAB2_NIF,249,200000,COPPER,,,,0,5,-15,43,0,,,55,,,
1,1,NPU,0,CHENAB2_NIF,250,200000,COPPER,,,,0,5,-15,43,0,,,55,,,
1,1,NPU,0,CHENAB2_NIF,251,200000,COPPER,,,,0,5,-15,43,0,,,55,,,
1,1,NPU,0,CHENAB2_NIF,252,200000,COPPER,,,,0,5,-15,43,0,,,55,,,
1,1,NPU,0,CHENAB2_NIF,253,200000,COPPER,,,,0,5,-15,43,0,,,55,,,
1,1,NPU,0,CHENAB2_NIF,254,200000,COPPER,,,,0,5,-15,43,0,,,55,,,
1,1,NPU,0,CHENAB2_NIF,255,200000,COPPER,,,,0,5,-15,43,0,,,55,,,
1,1,NPU,0,CHENAB2_NIF,256,200000,COPPER,,,,0,5,-15,43,0,,,55,,,
1,1,NPU,0,CHENAB2_NIF,257,200000,COPPER,,,,0,5,-15,43,0,,,55,,,
1,1,NPU,0,CHENAB2_NIF,258,200000,COPPER,,,,0,5,-15,43,0,,,55,,,
1,1,NPU,0,CHENAB2_NIF,259,200000,COPPER,,,,0,5,-15,43,0,,,55,,,
1,1,NPU,0,CHENAB2_NIF,260,200000,COPPER,,,,0,5,-15,43,0,,,55,,,
1,1,NPU,0,CHENAB2_NIF,261,200000,COPPER,,,,0,5,-15,43,0,,,55,,,
1,1,NPU,0,CHENAB2_NIF,262,200000,COPPER,,,,0,5,-15,43,0,,,55,,,
1,1,NPU,0,CHENAB2_NIF,263,200000,COPPER,,,,0,5,-15,43,0,,,55,,,
1,1,NPU,0,CHENAB2_NIF,264,200000,COPPER,,,,0,5,-15,43,0,,,55,,,
1,1,NPU,0,CHENAB2_NIF,265,200000,COPPER,,,,0,5,-15,43,0,,,55,,,
1,1,NPU,0,CHENAB2_NIF,266,200000,COPPER,,,,0,5,-15,43,0,,,55,,,
1,1,NPU,0,CHENAB2_NIF,267,200000,COPPER,,,,0,5,-15,43,0,,,55,,,
1,1,NPU,0,CHENAB2_NIF,268,200000,COPPER,,,,0,5,-15,43,0,,,55,,,
1,1,NPU,0,CHENAB2_NIF,269,200000,COPPER,,,,0,5,-15,43,0,,,55,,,
1,1,NPU,0,CHENAB2_NIF,270,200000,COPPER,,,,0,5,-15,43,0,,,55,,,
1,1,NPU,0,CHENAB2_NIF,271,200000,COPPER,,,,0,5,-15,43,0,,,55,,,
1,1,NPU,0,CHENAB2_NIF,272,200000,COPPER,,,,0,5,-15,43,0,,,55,,,
1,1,NPU,0,CHENAB2_NIF,273,200000,COPPER,,,,0,5,-15,43,0,,,55,,,
1,1,NPU,0,CHENAB2_NIF,274,200000,COPPER,,,,0,5,-15,43,0,,,55,,,
1,1,NPU,0,CHENAB2_NIF,275,200000,COPPER,,,,0,5,-15,43,0,,,55,,,
1,1,NPU,0,CHENAB2_NIF,276,200000,COPPER,,,,0,5,-15,43,0,,,55,,,
1,1,NPU,0,CHENAB2_NIF,277,200000,COPPER,,,,0,5,-15,43,0,,,55,,,
1,1,NPU,0,CHENAB2_NIF,278,200000,COPPER,,,,0,5,-15,43,0,,,55,,,
1,1,NPU,0,CHENAB2_NIF,279,200000,COPPER,,,,0,5,-15,43,0,,,55,,,
1,1,NPU,0,CHENAB2_NIF,280,200000,COPPER,,,,0,5,-15,43,0,,,55,,,
1,1,NPU,0,CHENAB2_NIF,281,200000,COPPER,,,,0,5,-15,43,0,,,55,,,
1,1,NPU,0,CHENAB2_NIF,282,200000,COPPER,,,,0,5,-15,43,0,,,55,,,
1,1,NPU,0,CHENAB2_NIF,283,200000,COPPER,,,,0,5,-15,43,0,,,55,,,
1,1,NPU,0,CHENAB2_NIF,284,200000,COPPER,,,,0,5,-15,43,0,,,55,,,
1,1,NPU,0,CHENAB2_NIF,285,200000,COPPER,,,,0,5,-15,43,0,,,55,,,
1,1,NPU,0,CHENAB2_NIF,286,200000,COPPER,,,,0,5,-15,43,0,,,55,,,
1,1,NPU,0,CHENAB2_NIF,287,200000,COPPER,,,,0,5,-15,43,0,,,55,,,
1,1,NPU,0,CHENAB2_NIF,288,200000,COPPER,,,,0,5,-15,43,0,,,55,,,
1,1,NPU,0,CHENAB2_NIF,289,200000,COPPER,,,,0,5,-15,43,0,,,55,,,
1,1,NPU,0,CHENAB2_NIF,290,200000,COPPER,,,,0,5,-15,43,0,,,55,,,
1,1,NPU,0,CHENAB2_NIF,291,200000,COPPER,,,,0,5,-15,43,0,,,55,,,
1,1,NPU,0,CHENAB2_NIF,292,200000,COPPER,,,,0,5,-15,43,0,,,55,,,
1,1,NPU,0,CHENAB2_NIF,293,200000,COPPER,,,,0,5,-15,43,0,,,55,,,
1,1,NPU,0,CHENAB2_NIF,294,200000,COPPER,,,,0,5,-15,43,0,,,55,,,
1,1,NPU,0,CHENAB2_NIF,295,200000,COPPER,,,,0,5,-15,43,0,,,55,,,
1,1,NPU,0,CHENAB2_NIF,296,200000,COPPER,,,,0,5,-15,43,0,,,55,,,
1,1,NPU,0,CHENAB2_NIF,297,200000,COPPER,,,,0,5,-15,43,0,,,55,,,
1,1,NPU,0,CHENAB2_NIF,298,200000,COPPER,,,,0,5,-15,43,0,,,55,,,
1,1,NPU,0,CHENAB2_NIF,299,200000,COPPER,,,,0,5,-15,43,0,,,55,,,
1,1,NPU,0,CHENAB2_NIF,300,200000,COPPER,,,,0,5,-15,43,0,,,55,,,
1,1,NPU,0,CHENAB2_NIF,301,200000,COPPER,,,,0,5,-15,43,0,,,55,,,
1,1,NPU,0,CHENAB2_NIF,302,200000,COPPER,,,,0,5,-15,43,0,,,55,,,
1,1,NPU,0,CHENAB2_NIF,303,200000,COPPER,,,,0,5,-15,43,0,,,55,,,
1,1,NPU,0,CHENAB2_NIF,304,200000,COPPER,,,,0,5,-15,43,0,,,55,,,
1,1,NPU,0,CHENAB2_NIF,305,200000,COPPER,,,,0,5,-15,43,0,,,55,,,
1,1,NPU,0,CHENAB2_NIF,306,200000,COPPER,,,,0,5,-15,43,0,,,55,,,
1,1,NPU,0,CHENAB2_NIF,307,200000,COPPER,,,,0,5,-15,43,0,,,55,,,
1,1,NPU,0,CHENAB2_NIF,308,200000,COPPER,,,,0,5,-15,43,0,,,55,,,
1,1,NPU,0,CHENAB2_NIF,309,200000,COPPER,,,,0,5,-15,43,0,,,55,,,
1,1,NPU,0,CHENAB2_NIF,310,200000,COPPER,,,,0,5,-15,43,0,,,55,,,
1,1,NPU,0,CHENAB2_NIF,311,200000,COPPER,,,,0,5,-15,43,0,,,55,,,
1,1,NPU,0,CHENAB2_NIF,312,200000,COPPER,,,,0,5,-15,43,0,,,55,,,
1,1,NPU,0,CHENAB2_NIF,313,200000,COPPER,,,,0,5,-15,43,0,,,55,,,
1,1,NPU,0,CHENAB2_NIF,314,200000,COPPER,,,,0,5,-15,43,0,,,55,,,
1,1,NPU,0,CHENAB2_NIF,315,200000,COPPER,,,,0,5,-15,43,0,,,55,,,
1,1,NPU,0,CHENAB2_NIF,316,200000,COPPER,,,,0,5,-15,43,0,,,55,,,
1,1,NPU,0,CHENAB2_NIF,317,200000,COPPER,,,,0,5,-15,43,0,,,55,,,
1,1,NPU,0,CHENAB2_NIF,318,200000,COPPER,,,,0,5,-15,43,0,,,55,,,
1,1,NPU,0,CHENAB2_NIF,319,200000,COPPER,,,,0,5,-15,43,0,,,55,,,
1,1,NPU,0,CHENAB2_NIF,320,200000,COPPER,,,,0,5,-15,43,0,,,55,,,
1,1,NPU,0,CHENAB2_NIF,321,200000,COPPER,,,,0,5,-15,43,0,,,55,,,
1,1,NPU,0,CHENAB2_NIF,322,200000,COPPER,,,,0,5,-15,43,0,,,55,,,
1,1,NPU,0,CHENAB2_NIF,323,200000,COPPER,,,,0,5,-15,43,0,,,55,,,
1,1,NPU,0,CHENAB2_NIF,324,200000,COPPER,,,,0,5,-15,43,0,,,55,,,
1,1,NPU,0,CHENAB2_NIF,325,200000,COPPER,,,,0,5,-15,43,0,,,55,,,
1,1,NPU,0,CHENAB2_NIF,326,200000,COPPER,,,,0,5,-15,43,0,,,55,,,
1,1,NPU,0,CHENAB2_NIF,327,200000,COPPER,,,,0,5,-15,43,0,,,55,,,
1,1,NPU,0,CHENAB2_NIF,328,200000,COPPER,,,,0,5,-15,43,0,,,55,,,
1,1,NPU,0,CHENAB2_NIF,329,200000,COPPER,,,,0,5,-15,43,0,,,55,,,
1,1,NPU,0,CHENAB2_NIF,330,200000,COPPER,,,,0,5,-15,43,0,,,55,,,
1,1,NPU,0,CHENAB2_NIF,331,200000,COPPER,,,,0,5,-15,43,0,,,55,,,
1,1,NPU,0,CHENAB2_NIF,332,200000,COPPER,,,,0,5,-15,43,0,,,55,,,
1,1,NPU,0,CHENAB2_NIF,333,200000,COPPER,,,,0,5,-15,43,0,,,55,,,
1,1,NPU,0,CHENAB2_NIF,334,200000,COPPER,,,,0,5,-15,43,0,,,55,,,
1,1,NPU,0,CHENAB2_NIF,335,200000,COPPER,,,,0,5,-15,43,0,,,55,,,
1,1,NPU,0,CHENAB2_NIF,336,200000,COPPER,,,,0,5,-15,43,0,,,55,,,
1,1,NPU,0,CHENAB2_NIF,337,200000,COPPER,,,,0,5,-15,43,0,,,55,,,
1,1,NPU,0,CHENAB2_NIF,338,200000,COPPER,,,,0,5,-15,43,0,,,55,,,
1,1,NPU,0,CHENAB2_NIF,339,200000,COPPER,,,,0,5,-15,43,0,,,55,,,
1,1,NPU,0,CHENAB2_NIF,340,200000,COPPER,,,,0,5,-15,43,0,,,55,,,
1,1,NPU,0,CHENAB2_NIF,341,200000,COPPER,,,,0,5,-15,43,0,,,55,,,
1,1,NPU,0,CHENAB2_NIF,342,200000,COPPER,,,,0,5,-15,43,0,,,55,,,
1,1,NPU,0,CHENAB2_NIF,343,200000,COPPER,,,,0,5,-15,43,0,,,55,,,
1,1,NPU,0,CHENAB2_NIF,344,200000,COPPER,,,,0,5,-15,43,0,,,55,,,
1,1,NPU,0,CHENAB2_NIF,345,200000,COPPER,,,,0,5,-15,43,0,,,55,,,
1,1,NPU,0,CHENAB2_NIF,346,200000,COPPER,,,,0,5,-15,43,0,,,55,,,
1,1,NPU,0,CHENAB2_NIF,347,200000,COPPER,,,,0,5,-15,43,0,,,55,,,
1,1,NPU,0,CHENAB2_NIF,348,200000,COPPER,,,,0,5,-15,43,0,,,55,,,
1,1,NPU,0,CHENAB2_NIF,349,200000,COPPER,,,,0,5,-15,43,0,,,55,,,
1,1,NPU,0,CHENAB2_NIF,350,200000,COPPER,,,,0,5,-15,43,0,,,55,,,
1,1,NPU,0,CHENAB2_NIF,351,200000,COPPER,,,,0,5,-15,43,0,,,55,,,
1,1,NPU,0,CHENAB2_NIF,352,200000,COPPER,,,,0,5,-15,43,0,,,55,,,
1,1,NPU,0,CHENAB2_NIF,353,200000,COPPER,,,,0,5,-15,43,0,,,55,,,
1,1,NPU,0,CHENAB2_NIF,354,200000,COPPER,,,,0,5,-15,43,0,,,55,,,
1,1,NPU,0,CHENAB2_NIF,355,200000,COPPER,,,,0,5,-15,43,0,,,55,,,
1,1,NPU,0,CHENAB2_NIF,356,200000,COPPER,,,,0,5,-15,43,0,,,55,,,
1,1,NPU,0,CHENAB2_NIF,357,200000,COPPER,,,,0,5,-15,43,0,,,55,,,
1,1,NPU,0,CHENAB2_NIF,358,200000,COPPER,,,,0,5,-15,43,0,,,55,,,
1,1,NPU,0,CHENAB2_NIF,359,200000,COPPER,,,,0,5,-15,43,0,,,55,,,
1,1,NPU,0,CHENAB2_NIF,360,200000,COPPER,,,,0,5,-15,43,0,,,55,,,
1,1,NPU,0,CHENAB2_NIF,361,200000,COPPER,,,,0,5,-15,43,0,,,55,,,
1,1,NPU,0,CHENAB2_NIF,362,200000,COPPER,,,,0,5,-15,43,0,,,55,,,
1,1,NPU,0,CHENAB2_NIF,363,200000,COPPER,,,,0,5,-15,43,0,,,55,,,
1,1,NPU,0,CHENAB2_NIF,364,200000,COPPER,,,,0,5,-15,43,0,,,55,,,
1,1,NPU,0,CHENAB2_NIF,365,200000,COPPER,,,,0,5,-15,43,0,,,55,,,
1,1,NPU,0,CHENAB2_NIF,366,200000,COPPER,,,,0,5,-15,43,0,,,55,,,
1,1,NPU,0,CHENAB2_NIF,367,200000,COPPER,,,,0,5,-15,43,0,,,55,,,
1,1,NPU,0,CHENAB2_NIF,368,200000,COPPER,,,,0,5,-15,43,0,,,55,,,
1,1,NPU,0,CHENAB2_NIF,369,200000,COPPER,,,,0,5,-15,43,0,,,55,,,
1,1,NPU,0,CHENAB2_NIF,370,200000,COPPER,,,,0,5,-15,43,0,,,55,,,
1,1,NPU,0,CHENAB2_NIF,371,200000,COPPER,,,,0,5,-15,43,0,,,55,,,
1,1,NPU,0,CHENAB2_NIF,372,200000,COPPER,,,,0,5,-15,43,0,,,55,,,
1,1,NPU,0,CHENAB2_NIF,373,200000,COPPER,,,,0,5,-15,43,0,,,55,,,
1,1,NPU,0,CHENAB2_NIF,374,200000,COPPER,,,,0,5,-15,43,0,,,55,,,
1,1,NPU,0,CHENAB2_NIF,375,200000,COPPER,,,,0,5,-15,43,0,,,55,,,
1,1,NPU,0,CHENAB2_NIF,376,200000,COPPER,,,,0,5,-15,43,0,,,55,,,
1,1,NPU,0,CHENAB2_NIF,377,200000,COPPER,,,,0,5,-15,43,0,,,55,,,
1,1,NPU,0,CHENAB2_NIF,378,200000,COPPER,,,,0,5,-15,43,0,,,55,,,
1,1,NPU,0,CHENAB2_NIF,379,200000,COPPER,,,,0,5,-15,43,0,,,55,,,
1,1,NPU,0,CHENAB2_NIF,380,200000,COPPER,,,,0,5,-15,43,0,,,55,,,
1,1,NPU,0,CHENAB2_NIF,381,200000,COPPER,,,,0,5,-15,43,0,,,55,,,
1,1,NPU,0,CHENAB2_NIF,382,200000,COPPER,,,,0,5,-15,43,0,,,55,,,
1,1,NPU,0,CHENAB2_NIF,383,200000,COPPER,,,,0,5,-15,43,0,,,55,,,
1,1,NPU,0,CHENAB2_NIF,384,200000,COPPER,,,,0,5,-15,43,0,,,55,,,
1,1,NPU,0,CHENAB2_NIF,385,200000,COPPER,,,,0,5,-15,43,0,,,55,,,
1,1,NPU,0,CHENAB2_NIF,386,200000,COPPER,,,,0,5,-15,43,0,,,55,,,
1,1,NPU,0,CHENAB2_NIF,387,200000,COPPER,,,,0,5,-15,43,0,,,55,,,
1,1,NPU,0,CHENAB2_NIF,388,200000,COPPER,,,,0,5,-15,43,0,,,55,,,
1,1,NPU,0,CHENAB2_NIF,389,200000,COPPER,,,,0,5,-15,43,0,,,55,,,
1,1,NPU,0,CHENAB2_NIF,390,200000,COPPER,,,,0,5,-15,43,0,,,55,,,
1,1,NPU,0,CHENAB2_NIF,391,200000,COPPER,,,,0,5,-15,43,0,,,55,,,
1,1,NPU,0,CHENAB2_NIF,392,200000,COPPER,,,,0,5,-15,43,0,,,55,,,
1,1,NPU,0,CHENAB2_NIF,393,200000,COPPER,,,,0,5,-15,43,0,,,55,,,
1,1,NPU,0,CHENAB2_NIF,394,200000,COPPER,,,,0,5,-15,43,0,,,55,,,
1,1,NPU,0,CHENAB2_NIF,395,200000,COPPER,,,,0,5,-15,43,0,,,55,,,
1,1,NPU,0,CHENAB2_NIF,396,200000,COPPER,,,,0,5,-15,43,0,,,55,,,
1,1,NPU,0,CHENAB2_NIF,397,200000,COPPER,,,,0,5,-15,43,0,,,55,,,
1,1,NPU,0,CHENAB2_NIF,398,200000,COPPER,,,,0,5,-15,43,0,,,55,,,
1,1,NPU,0,CHENAB2_NIF,399,200000,COPPER,,,,0,5,-15,43,0,,,55,,,
1,1,NPU,0,CHENAB2_NIF,400,200000,COPPER,,,,0,5,-15,43,0,,,55,,,
1,1,NPU,0,CHENAB2_NIF,401,200000,COPPER,,,,0,5,-15,43,0,,,55,,,
1,1,NPU,0,CHENAB2_NIF,402,200000,COPPER,,,,0,5,-15,43,0,,,55,,,
1,1,NPU,0,CHENAB2_NIF,403,200000,COPPER,,,,0,5,-15,43,0,,,55,,,
1,1,NPU,0,CHENAB2_NIF,404,200000,COPPER,,,,0,5,-15,43,0,,,55,,,
1,1,NPU,0,CHENAB2_NIF,405,200000,COPPER,,,,0,5,-15,43,0,,,55,,,
1,1,NPU,0,CHENAB2_NIF,406,200000,COPPER,,,,0,5,-15,43,0,,,55,,,
1,1,NPU,0,CHENAB2_NIF,407,200000,COPPER,,,,0,5,-15,43,0,,,55,,,
1,1,NPU,0,CHENAB2_NIF,408,200000,COPPER,,,,0,5,-15,43,0,,,55,,,
1,1,NPU,0,CHENAB2_NIF,409,200000,COPPER,,,,0,5,-15,43,0,,,55,,,
1,1,NPU,0,CHENAB2_NIF,410,200000,COPPER,,,,0,5,-15,43,0,,,55,,,
1,1,NPU,0,CHENAB2_NIF,411,200000,COPPER,,,,0,5,-15,43,0,,,55,,,
1,1,NPU,0,CHENAB2_NIF,412,200000,COPPER,,,,0,5,-15,43,0,,,55,,,
1,1,NPU,0,CHENAB2_NIF,413,200000,COPPER,,,,0,5,-15,43,0,,,55,,,
1,1,NPU,0,CHENAB2_NIF,414,200000,COPPER,,,,0,5,-15,43,0,,,55,,,
1,1,NPU,0,CHENAB2_NIF,415,200000,COPPER,,,,0,5,-15,43,0,,,55,,,
1,1,NPU,0,CHENAB2_NIF,416,200000,COPPER,,,,0,5,-15,43,0,,,55,,,
1,1,NPU,0,CHENAB2_NIF,417,200000,COPPER,,,,0,5,-15,43,0,,,55,,,
1,1,NPU,0,CHENAB2_NIF,418,200000,COPPER,,,,0,5,-15,43,0,,,55,,,
1,1,NPU,0,CHENAB2_NIF,419,200000,COPPER,,,,0,5,-15,43,0,,,55,,,
1,1,NPU,0,CHENAB2_NIF,420,200000,COPPER,,,,0,5,-15,43,0,,,55,,,
1,1,NPU,0,CHENAB2_NIF,421,200000,COPPER,,,,0,5,-15,43,0,,,55,,,
1,1,NPU,0,CHENAB2_NIF,422,200000,COPPER,,,,0,5,-15,43,0,,,55,,,
1,1,NPU,0,CHENAB2_NIF,423,200000,COPPER,,,,0,5,-15,43,0,,,55,,,
1,1,NPU,0,CHENAB2_NIF,424,200000,COPPER,,,,0,5,-15,43,0,,,55,,,
1,1,NPU,0,CHENAB2_NIF,425,200000,COPPER,,,,0,5,-15,43,0,,,55,,,
1,1,NPU,0,CHENAB2_NIF,426,200000,COPPER,,,,0,5,-15,43,0,,,55,,,
1,1,NPU,0,CHENAB2_NIF,427,200000,COPPER,,,,0,5,-15,43,0,,,55,,,
1,1,NPU,0,CHENAB2_NIF,428,200000,COPPER,,,,0,5,-15,43,0,,,55,,,
1,1,NPU,0,CHENAB2_NIF,429,200000,COPPER,,,,0,5,-15,43,0,,,55,,,
1,1,NPU,0,CHENAB2_NIF,430,200000,COPPER,,,,0,5,-15,43,0,,,55,,,
1,1,NPU,0,CHENAB2_NIF,431,200000,COPPER,,,,0,5,-15,43,0,,,55,,,
1,1,NPU,0,CHENAB2_NIF,432,200000,COPPER,,,,0,5,-15,43,0,,,55,,,
1,1,NPU,0,CHENAB2_NIF,433,200000,COPPER,,,,0,5,-15,43,0,,,55,,,
1,1,NPU,0,CHENAB2_NIF,434,200000,COPPER,,,,0,5,-15,43,0,,,55,,,
1,1,NPU,0,CHENAB2_NIF,435,200000,COPPER,,,,0,5,-15,43,0,,,55,,,
1,1,NPU,0,CHENAB2_NIF,436,200000,COPPER,,,,0,5,-15,43,0,,,55,,,
1,1,NPU,0,CHENAB2_NIF,437,200000,COPPER,,,,0,5,-15,43,0,,,55,,,
1,1,NPU,0,CHENAB2_NIF,438,200000,COPPER,,,,0,5,-15,43,0,,,55,,,
1,1,NPU,0,CHENAB2_NIF,439,200000,COPPER,,,,0,5,-15,43,0,,,55,,,
1,1,NPU,0,CHENAB2_NIF,440,200000,COPPER,,,,0,5,-15,43,0,,,55,,,
1,1,NPU,0,CHENAB2_NIF,441,200000,COPPER,,,,0,5,-15,43,0,,,55,,,
1,1,NPU,0,CHENAB2_NIF,442,200000,COPPER,,,,0,5,-15,43,0,,,55,,,
1,1,NPU,0,CHENAB2_NIF,443,200000,COPPER,,,,0,5,-15,43,0,,,55,,,
1,1,NPU,0,CHENAB2_NIF,444,200000,COPPER,,,,0,5,-15,43,0,,,55,,,
1,1,NPU,0,CHENAB2_NIF,445,200000,COPPER,,,,0,5,-15,43,0,,,55,,,
1,1,NPU,0,CHENAB2_NIF,446,200000,COPPER,,,,0,5,-15,43,0,,,55,,,
1,1,NPU,0,CHENAB2_NIF,447,200000,COPPER,,,,0,5,-15,43,0,,,55,,,
1,1,NPU,0,CHENAB2_NIF,448,200000,COPPER,,,,0,5,-15,43,0,,,55,,,
1,1,NPU,0,CHENAB2_NIF,449,200000,COPPER,,,,0,5,-15,43,0,,,55,,,
1,1,NPU,0,CHENAB2_NIF,450,200000,COPPER,,,,0,5,-15,43,0,,,55,,,
1,1,NPU,0,CHENAB2_NIF,451,200000,COPPER,,,,0,5,-15,43,0,,,55,,,
1,1,NPU,0,CHENAB2_NIF,452,200000,COPPER,,,,0,5,-15,43,0,,,55,,,
1,1,NPU,0,CHENAB2_NIF,453,200000,COPPER,,,,0,5,-15,43,0,,,55,,,
1,1,NPU,0,CHENAB2_NIF,454,200000,COPPER,,,,0,5,-15,43,0,,,55,,,
1,1,NPU,0,CHENAB2_NIF,455,200000,COPPER,,,,0,5,-15,43,0,,,55,,,
1,1,NPU,0,CHENAB2_NIF,456,200000,COPPER,,,,0,5,-15,43,0,,,55,,,
1,1,NPU,0,CHENAB2_NIF,457,200000,COPPER,,,,0,5,-15,43,0,,,55,,,
1,1,NPU,0,CHENAB2_NIF,458,200000,COPPER,,,,0,5,-15,43,0,,,55,,,
1,1,NPU,0,CHENAB2_NIF,459,200000,COPPER,,,,0,5,-15,43,0,,,55,,,
1,1,NPU,0,CHENAB2_NIF,460,200000,COPPER,,,,0,5,-15,43,0,,,55,,,
1,1,NPU,0,CHENAB2_NIF,461,200000,COPPER,,,,0,5,-15,43,0,,,55,,,
1,1,NPU,0,CHENAB2_NIF,462,200000,COPPER,,,,0,5,-15,43,0,,,55,,,
1,1,NPU,0,CHENAB2_NIF,463,200000,COPPER,,,,0,5,-15,43,0,,,55,,,
1,1,NPU,0,CHENAB2_NIF,464,200000,COPPER,,,,0,5,-15,43,0,,,55,,,
1,1,NPU,0,CHENAB2_NIF,465,200000,COPPER,,,,0,5,-15,43,0,,,55,,,
1,1,NPU,0,CHENAB2_NIF,466,200000,COPPER,,,,0,5,-15,43,0,,,55,,,
1,1,NPU,0,CHENAB2_NIF,467,200000,COPPER,,,,0,5,-15,43,0,,,55,,,
1,1,NPU,0,CHENAB2_NIF,468,200000,COPPER,,,,0,5,-15,43,0,,,55,,,
1,1,NPU,0,CHENAB2_NIF,469,200000,COPPER,,,,0,5,-15,43,0,,,55,,,
1,1,NPU,0,CHENAB2_NIF,470,200000,COPPER,,,,0,5,-15,43,0,,,55,,,
1,1,NPU,0,CHENAB2_NIF,471,200000,COPPER,,,,0,5,-15,43,0,,,55,,,
1,1,NPU,0,CHENAB2_NIF,472,200000,COPPER,,,,0,5,-15,43,0,,,55,,,
1,1,NPU,0,CHENAB2_NIF,473,200000,COPPER,,,,0,5,-15,43,0,,,55,,,
1,1,NPU,0,CHENAB2_NIF,474,200000,COPPER,,,,0,5,-15,43,0,,,55,,,
1,1,NPU,0,CHENAB2_NIF,475,200000,COPPER,,,,0,5,-15,43,0,,,55,,,
1,1,NPU,0,CHENAB2_NIF,476,200000,COPPER,,,,0,5,-15,43,0,,,55,,,
1,1,NPU,0,CHENAB2_NIF,477,200000,COPPER,,,,0,5,-15,43,0,,,55,,,
1,1,NPU,0,CHENAB2_NIF,478,200000,COPPER,,,,0,5,-15,43,0,,,55,,,
1,1,NPU,0,CHENAB2_NIF,479,200000,COPPER,,,,0,5,-15,43,0,,,55,,,
1,1,NPU,0,CHENAB2_NIF,480,200000,COPPER,,,,0,5,-15,43,0,,,55,,,
1,1,NPU,0,CHENAB2_NIF,481,200000,COPPER,,,,0,5,-15,43,0,,,55,,,
1,1,NPU,0,CHENAB2_NIF,482,200000,COPPER,,,,0,5,-15,43,0,,,55,,,
1,1,NPU,0,CHENAB2_NIF,483,200000,COPPER,,,,0,5,-15,43,0,,,55,,,
1,1,NPU,0,CHENAB2_NIF,484,200000,COPPER,,,,0,5,-15,43,0,,,55,,,
1,1,NPU,0,CHENAB2_NIF,485,200000,COPPER,,,,0,5,-15,43,0,,,55,,,
1,1,NPU,0,CHENAB2_NIF,486,200000,COPPER,,,,0,5,-15,43,0,,,55,,,
1,1,NPU,0,CHENAB2_NIF,487,200000,COPPER,,,,0,5,-15,43,0,,,55,,,
1,1,NPU,0,CHENAB2_NIF,488,200000,COPPER,,,,0,5,-15,43,0,,,55,,,
1,1,NPU,0,CHENAB2_NIF,489,200000,COPPER,,,,0,5,-15,43,0,,,55,,,
1,1,NPU,0,CHENAB2_NIF,490,200000,COPPER,,,,0,5,-15,43,0,,,55,,,
1,1,NPU,0,CHENAB2_NIF,491,200000,COPPER,,,,0,5,-15,43,0,,,55,,,
1,1,NPU,0,CHENAB2_NIF,492,200000,COPPER,,,,0,5,-15,43,0,,,55,,,
1,1,NPU,0,CHENAB2_NIF,493,200000,COPPER,,,,0,5,-15,43,0,,,55,,,
1,1,NPU,0,CHENAB2_NIF,494,200000,COPPER,,,,0,5,-15,43,0,,,55,,,
1,1,NPU,0,CHENAB2_NIF,495,200000,COPPER,,,,0,5,-15,43,0,,,55,,,
1,1,NPU,0,CHENAB2_NIF,496,200000,COPPER,,,,0,5,-15,43,0,,,55,,,
1,1,NPU,0,CHENAB2_NIF,497,200000,COPPER,,,,0,5,-15,43,0,,,55,,,
1,1,NPU,0,CHENAB2_NIF,498,200000,COPPER,,,,0,5,-15,43,0,,,55,,,
1,1,NPU,0,CHENAB2_NIF,499,200000,COPPER,,,,0,5,-15,43,0,,,55,,,
1,1,NPU,0,CHENAB2_NIF,500,200000,COPPER,,,,0,5,-15,43,0,,,55,,,
1,1,NPU,0,CHENAB2_NIF,501,200000,COPPER,,,,0,5,-15,43,0,,,55,,,
1,1,NPU,0,CHENAB2_NIF,502,200000,COPPER,,,,0,5,-15,43,0,,,55,,,
1,1,NPU,0,CHENAB2_NIF,503,200000,COPPER,,,,0,5,-15,43,0,,,55,,,
1,1,NPU,0,CHENAB2_NIF,504,200000,COPPER,,,,0,5,-15,43,0,,,55,,,
1,1,NPU,0,CHENAB2_NIF,505,200000,COPPER,,,,0,5,-15,43,0,,,55,,,
1,1,NPU,0,CHENAB2_NIF,506,200000,COPPER,,,,0,5,-15,43,0,,,55,,,
1,1,NPU,0,CHENAB2_NIF,507,200000,COPPER,,,,0,5,-15,43,0,,,55,,,
1,1,NPU,0,CHENAB2_NIF,508,200000,COPPER,,,,0,5,-15,43,0,,,55,,,
1,1,NPU,0,CHENAB2_NIF,509,200000,COPPER,,,,0,5,-15,43,0,,,55,,,
1,1,NPU,0,CHENAB2_NIF,510,200000,COPPER,,,,0,5,-15,43,0,,,55,,,
1,1,NPU,0,CHENAB2_NIF,511,200000,COPPER,,,,0,5,-15,43,0,,,55,,,
1,1,NPU,0,CHENAB2_NIF,0,100000,COPPER,,,,0,5,-15,43,0,,,55,,,
1,1,NPU,0,CHENAB2_NIF,1,100000,COPPER,,,,0,5,-15,43,0,,,55,,,
1,1,NPU,0,CHENAB2_NIF,2,100000,COPPER,,,,0,5,-15,43,0,,,55,,,
1,1,NPU,0,CHENAB2_NIF,3,100000,COPPER,,,,0,5,-15,43,0,,,55,,,
1,1,NPU,0,CHENAB2_NIF,4,100000,COPPER,,,,0,5,-15,43,0,,,55,,,
1,1,NPU,0,CHENAB2_NIF,5,100000,COPPER,,,,0,5,-15,43,0,,,55,,,
1,1,NPU,0,CHENAB2_NIF,6,100000,COPPER,,,,0,5,-15,43,0,,,55,,,
1,1,NPU,0,CHENAB2_NIF,7,100000,COPPER,,,,0,5,-15,43,0,,,55,,,
1,1,NPU,0,CHENAB2_NIF,8,100000,COPPER,,,,0,5,-15,43,0,,,55,,,
1,1,NPU,0,CHENAB2_NIF,9,100000,COPPER,,,,0,5,-15,43,0,,,55,,,
1,1,NPU,0,CHENAB2_NIF,10,100000,COPPER,,,,0,5,-15,43,0,,,55,,,
1,1,NPU,0,CHENAB2_NIF,11,100000,COPPER,,,,0,5,-15,43,0,,,55,,,
1,1,NPU,0,CHENAB2_NIF,12,100000,COPPER,,,,0,5,-15,43,0,,,55,,,
1,1,NPU,0,CHENAB2_NIF,13,100000,COPPER,,,,0,5,-15,43,0,,,55,,,
1,1,NPU,0,CHENAB2_NIF,14,100000,COPPER,,,,0,5,-15,43,0,,,55,,,
1,1,NPU,0,CHENAB2_NIF,15,100000,COPPER,,,,0,5,-15,43,0,,,55,,,
1,1,NPU,0,CHENAB2_NIF,16,100000,COPPER,,,,0,5,-15,43,0,,,55,,,
1,1,NPU,0,CHENAB2_NIF,17,100000,COPPER,,,,0,5,-15,43,0,,,55,,,
1,1,NPU,0,CHENAB2_NIF,18,100000,COPPER,,,,0,5,-15,43,0,,,55,,,
1,1,NPU,0,CHENAB2_NIF,19,100000,COPPER,,,,0,5,-15,43,0,,,55,,,
1,1,NPU,0,CHENAB2_NIF,20,100000,COPPER,,,,0,5,-15,43,0,,,55,,,
1,1,NPU,0,CHENAB2_NIF,21,100000,COPPER,,,,0,5,-15,43,0,,,55,,,
1,1,NPU,0,CHENAB2_NIF,22,100000,COPPER,,,,0,5,-15,43,0,,,55,,,
1,1,NPU,0,CHENAB2_NIF,23,100000,COPPER,,,,0,5,-15,43,0,,,55,,,
1,1,NPU,0,CHENAB2_NIF,24,100000,COPPER,,,,0,5,-15,43,0,,,55,,,
1,1,NPU,0,CHENAB2_NIF,25,100000,COPPER,,,,0,5,-15,43,0,,,55,,,
1,1,NPU,0,CHENAB2_NIF,26,100000,COPPER,,,,0,5,-15,43,0,,,55,,,
1,1,NPU,0,CHENAB2_NIF,27,100000,COPPER,,,,0,5,-15,43,0,,,55,,,
1,1,NPU,0,CHENAB2_NIF,28,100000,COPPER,,,,0,5,-15,43,0,,,55,,,
1,1,NPU,0,CHENAB2_NIF,29,100000,COPPER,,,,0,5,-15,43,0,,,55,,,
1,1,NPU,0,CHENAB2_NIF,30,100000,COPPER,,,,0,5,-15,43,0,,,55,,,
1,1,NPU,0,CHENAB2_NIF,31,100000,COPPER,,,,0,5,-15,43,0,,,55,,,
1,1,NPU,0,CHENAB2_NIF,32,100000,COPPER,,,,0,5,-15,43,0,,,55,,,
1,1,NPU,0,CHENAB2_NIF,33,100000,COPPER,,,,0,5,-15,43,0,,,55,,,
1,1,NPU,0,CHENAB2_NIF,34,100000,COPPER,,,,0,5,-15,43,0,,,55,,,
1,1,NPU,0,CHENAB2_NIF,35,100000,COPPER,,,,0,5,-15,43,0,,,55,,,
1,1,NPU,0,CHENAB2_NIF,36,100000,COPPER,,,,0,5,-15,43,0,,,55,,,
1,1,NPU,0,CHENAB2_NIF,37,100000,COPPER,,,,0,5,-15,43,0,,,55,,,
1,1,NPU,0,CHENAB2_NIF,38,100000,COPPER,,,,0,5,-15,43,0,,,55,,,
1,1,NPU,0,CHENAB2_NIF,39,100000,COPPER,,,,0,5,-15,43,0,,,55,,,
1,1,NPU,0,CHENAB2_NIF,40,100000,COPPER,,,,0,5,-15,43,0,,,55,,,
1,1,NPU,0,CHENAB2_NIF,41,100000,COPPER,,,,0,5,-15,43,0,,,55,,,
1,1,NPU,0,CHENAB2_NIF,42,100000,COPPER,,,,0,5,-15,43,0,,,55,,,
1,1,NPU,0,CHENAB2_NIF,43,100000,COPPER,,,,0,5,-15,43,0,,,55,,,
1,1,NPU,0,CHENAB2_NIF,44,100000,COPPER,,,,0,5,-15,43,0,,,55,,,
1,1,NPU,0,CHENAB2_NIF,45,100000,COPPER,,,,0,5,-15,43,0,,,55,,,
1,1,NPU,0,CHENAB2_NIF,46,100000,COPPER,,,,0,5,-15,43,0,,,55,,,
1,1,NPU,0,CHENAB2_NIF,47,100000,COPPER,,,,0,5,-15,43,0,,,55,,,
1,1,NPU,0,CHENAB2_NIF,48,100000,COPPER,,,,0,5,-15,43,0,,,55,,,
1,1,NPU,0,CHENAB2_NIF,49,100000,COPPER,,,,0,5,-15,43,0,,,55,,,
1,1,NPU,0,CHENAB2_NIF,50,100000,COPPER,,,,0,5,-15,43,0,,,55,,,
1,1,NPU,0,CHENAB2_NIF,51,100000,COPPER,,,,0,5,-15,43,0,,,55,,,
1,1,NPU,0,CHENAB2_NIF,52,100000,COPPER,,,,0,5,-15,43,0,,,55,,,
1,1,NPU,0,CHENAB2_NIF,53,100000,COPPER,,,,0,5,-15,43,0,,,55,,,
1,1,NPU,0,CHENAB2_NIF,54,100000,COPPER,,,,0,5,-15,43,0,,,55,,,
1,1,NPU,0,CHENAB2_NIF,55,100000,COPPER,,,,0,5,-15,43,0,,,55,,,
1,1,NPU,0,CHENAB2_NIF,56,100000,COPPER,,,,0,5,-15,43,0,,,55,,,
1,1,NPU,0,CHENAB2_NIF,57,100000,COPPER,,,,0,5,-15,43,0,,,55,,,
1,1,NPU,0,CHENAB2_NIF,58,100000,COPPER,,,,0,5,-15,43,0,,,55,,,
1,1,NPU,0,CHENAB2_NIF,59,100000,COPPER,,,,0,5,-15,43,0,,,55,,,
1,1,NPU,0,CHENAB2_NIF,60,100000,COPPER,,,,0,5,-15,43,0,,,55,,,
1,1,NPU,0,CHENAB2_NIF,61,100000,COPPER,,,,0,5,-15,43,0,,,55,,,
1,1,NPU,0,CHENAB2_NIF,62,100000,COPPER,,,,0,5,-15,43,0,,,55,,,
1,1,NPU,0,CHENAB2_NIF,63,100000,COPPER,,,,0,5,-15,43,0,,,55,,,
1,1,NPU,0,CHENAB2_NIF,64,100000,COPPER,,,,0,5,-15,43,0,,,55,,,
1,1,NPU,0,CHENAB2_NIF,65,100000,COPPER,,,,0,5,-15,43,0,,,55,,,
1,1,NPU,0,CHENAB2_NIF,66,100000,COPPER,,,,0,5,-15,43,0,,,55,,,
1,1,NPU,0,CHENAB2_NIF,67,100000,COPPER,,,,0,5,-15,43,0,,,55,,,
1,1,NPU,0,CHENAB2_NIF,68,100000,COPPER,,,,0,5,-15,43,0,,,55,,,
1,1,NPU,0,CHENAB2_NIF,69,100000,COPPER,,,,0,5,-15,43,0,,,55,,,
1,1,NPU,0,CHENAB2_NIF,70,100000,COPPER,,,,0,5,-15,43,0,,,55,,,
1,1,NPU,0,CHENAB2_NIF,71,100000,COPPER,,,,0,5,-15,43,0,,,55,,,
1,1,NPU,0,CHENAB2_NIF,72,100000,COPPER,,,,0,5,-15,43,0,,,55,,,
1,1,NPU,0,CHENAB2_NIF,73,100000,COPPER,,,,0,5,-15,43,0,,,55,,,
1,1,NPU,0,CHENAB2_NIF,74,100000,COPPER,,,,0,5,-15,43,0,,,55,,,
1,1,NPU,0,CHENAB2_NIF,75,100000,COPPER,,,,0,5,-15,43,0,,,55,,,
1,1,NPU,0,CHENAB2_NIF,76,100000,COPPER,,,,0,5,-15,43,0,,,55,,,
1,1,NPU,0,CHENAB2_NIF,77,100000,COPPER,,,,0,5,-15,43,0,,,55,,,
1,1,NPU,0,CHENAB2_NIF,78,100000,COPPER,,,,0,5,-15,43,0,,,55,,,
1,1,NPU,0,CHENAB2_NIF,79,100000,COPPER,,,,0,5,-15,43,0,,,55,,,
1,1,NPU,0,CHENAB2_NIF,80,100000,COPPER,,,,0,5,-15,43,0,,,55,,,
1,1,NPU,0,CHENAB2_NIF,81,100000,COPPER,,,,0,5,-15,43,0,,,55,,,
1,1,NPU,0,CHENAB2_NIF,82,100000,COPPER,,,,0,5,-15,43,0,,,55,,,
1,1,NPU,0,CHENAB2_NIF,83,100000,COPPER,,,,0,5,-15,43,0,,,55,,,
1,1,NPU,0,CHENAB2_NIF,84,100000,COPPER,,,,0,5,-15,43,0,,,55,,,
1,1,NPU,0,CHENAB2_NIF,85,100000,COPPER,,,,0,5,-15,43,0,,,55,,,
1,1,NPU,0,CHENAB2_NIF,86,100000,COPPER,,,,0,5,-15,43,0,,,55,,,
1,1,NPU,0,CHENAB2_NIF,87,100000,COPPER,,,,0,5,-15,43,0,,,55,,,
1,1,NPU,0,CHENAB2_NIF,88,100000,COPPER,,,,0,5,-15,43,0,,,55,,,
1,1,NPU,0,CHENAB2_NIF,89,100000,COPPER,,,,0,5,-15,43,0,,,55,,,
1,1,NPU,0,CHENAB2_NIF,90,100000,COPPER,,,,0,5,-15,43,0,,,55,,,
1,1,NPU,0,CHENAB2_NIF,91,100000,COPPER,,,,0,5,-15,43,0,,,55,,,
1,1,NPU,0,CHENAB2_NIF,92,100000,COPPER,,,,0,5,-15,43,0,,,55,,,
1,1,NPU,0,CHENAB2_NIF,93,100000,COPPER,,,,0,5,-15,43,0,,,55,,,
1,1,NPU,0,CHENAB2_NIF,94,100000,COPPER,,,,0,5,-15,43,0,,,55,,,
1,1,NPU,0,CHENAB2_NIF,95,100000,COPPER,,,,0,5,-15,43,0,,,55,,,
1,1,NPU,0,CHENAB2_NIF,96,100000,COPPER,,,,0,5,-15,43,0,,,55,,,
1,1,NPU,0,CHENAB2_NIF,97,100000,COPPER,,,,0,5,-15,43,0,,,55,,,
1,1,NPU,0,CHENAB2_NIF,98,100000,COPPER,,,,0,5,-15,43,0,,,55,,,
1,1,NPU,0,CHENAB2_NIF,99,100000,COPPER,,,,0,5,-15,43,0,,,55,,,
1,1,NPU,0,CHENAB2_NIF,100,100000,COPPER,,,,0,5,-15,43,0,,,55,,,
1,1,NPU,0,CHENAB2_NIF,101,100000,COPPER,,,,0,5,-15,43,0,,,55,,,
1,1,NPU,0,CHENAB2_NIF,102,100000,COPPER,,,,0,5,-15,43,0,,,55,,,
1,1,NPU,0,CHENAB2_NIF,103,100000,COPPER,,,,0,5,-15,43,0,,,55,,,
1,1,NPU,0,CHENAB2_NIF,104,100000,COPPER,,,,0,5,-15,43,0,,,55,,,
1,1,NPU,0,CHENAB2_NIF,105,100000,COPPER,,,,0,5,-15,43,0,,,55,,,
1,1,NPU,0,CHENAB2_NIF,106,100000,COPPER,,,,0,5,-15,43,0,,,55,,,
1,1,NPU,0,CHENAB2_NIF,107,100000,COPPER,,,,0,5,-15,43,0,,,55,,,
1,1,NPU,0,CHENAB2_NIF,108,100000,COPPER,,,,0,5,-15,43,0,,,55,,,
1,1,NPU,0,CHENAB2_NIF,109,100000,COPPER,,,,0,5,-15,43,0,,,55,,,
1,1,NPU,0,CHENAB2_NIF,110,100000,COPPER,,,,0,5,-15,43,0,,,55,,,
1,1,NPU,0,CHENAB2_NIF,111,100000,COPPER,,,,0,5,-15,43,0,,,55,,,
1,1,NPU,0,CHENAB2_NIF,112,100000,COPPER,,,,0,5,-15,43,0,,,55,,,
1,1,NPU,0,CHENAB2_NIF,113,100000,COPPER,,,,0,5,-15,43,0,,,55,,,
1,1,NPU,0,CHENAB2_NIF,114,100000,COPPER,,,,0,5,-15,43,0,,,55,,,
1,1,NPU,0,CHENAB2_NIF,115,100000,COPPER,,,,0,5,-15,43,0,,,55,,,
1,1,NPU,0,CHENAB2_NIF,116,100000,COPPER,,,,0,5,-15,43,0,,,55,,,
1,1,NPU,0,CHENAB2_NIF,117,100000,COPPER,,,,0,5,-15,43,0,,,55,,,
1,1,NPU,0,CHENAB2_NIF,118,100000,COPPER,,,,0,5,-15,43,0,,,55,,,
1,1,NPU,0,CHENAB2_NIF,119,100000,COPPER,,,,0,5,-15,43,0,,,55,,,
1,1,NPU,0,CHENAB2_NIF,120,100000,COPPER,,,,0,5,-15,43,0,,,55,,,
1,1,NPU,0,CHENAB2_NIF,121,100000,COPPER,,,,0,5,-15,43,0,,,55,,,
1,1,NPU,0,CHENAB2_NIF,122,100000,COPPER,,,,0,5,-15,43,0,,,55,,,
1,1,NPU,0,CHENAB2_NIF,123,100000,COPPER,,,,0,5,-15,43,0,,,55,,,
1,1,NPU,0,CHENAB2_NIF,124,100000,COPPER,,,,0,5,-15,43,0,,,55,,,
1,1,NPU,0,CHENAB2_NIF,125,100000,COPPER,,,,0,5,-15,43,0,,,55,,,
1,1,NPU,0,CHENAB2_NIF,126,100000,COPPER,,,,0,5,-15,43,0,,,55,,,
1,1,NPU,0,CHENAB2_NIF,127,100000,COPPER,,,,0,5,-15,43,0,,,55,,,
1,1,NPU,0,CHENAB2_NIF,128,100000,COPPER,,,,0,5,-15,43,0,,,55,,,
1,1,NPU,0,CHENAB2_NIF,129,100000,COPPER,,,,0,5,-15,43,0,,,55,,,
1,1,NPU,0,CHENAB2_NIF,130,100000,COPPER,,,,0,5,-15,43,0,,,55,,,
1,1,NPU,0,CHENAB2_NIF,131,100000,COPPER,,,,0,5,-15,43,0,,,55,,,
1,1,NPU,0,CHENAB2_NIF,132,100000,COPPER,,,,0,5,-15,43,0,,,55,,,
1,1,NPU,0,CHENAB2_NIF,133,100000,COPPER,,,,0,5,-15,43,0,,,55,,,
1,1,NPU,0,CHENAB2_NIF,134,100000,COPPER,,,,0,5,-15,43,0,,,55,,,
1,1,NPU,0,CHENAB2_NIF,135,100000,COPPER,,,,0,5,-15,43,0,,,55,,,
1,1,NPU,0,CHENAB2_NIF,136,100000,COPPER,,,,0,5,-15,43,0,,,55,,,
1,1,NPU,0,CHENAB2_NIF,137,100000,COPPER,,,,0,5,-15,43,0,,,55,,,
1,1,NPU,0,CHENAB2_NIF,138,100000,COPPER,,,,0,5,-15,43,0,,,55,,,
1,1,NPU,0,CHENAB2_NIF,139,100000,COPPER,,,,0,5,-15,43,0,,,55,,,
1,1,NPU,0,CHENAB2_NIF,140,100000,COPPER,,,,0,5,-15,43,0,,,55,,,
1,1,NPU,0,CHENAB2_NIF,141,100000,COPPER,,,,0,5,-15,43,0,,,55,,,
1,1,NPU,0,CHENAB2_NIF,142,100000,COPPER,,,,0,5,-15,43,0,,,55,,,
1,1,NPU,0,CHENAB2_NIF,143,100000,COPPER,,,,0,5,-15,43,0,,,55,,,
1,1,NPU,0,CHENAB2_NIF,144,100000,COPPER,,,,0,5,-15,43,0,,,55,,,
1,1,NPU,0,CHENAB2_NIF,145,100000,COPPER,,,,0,5,-15,43,0,,,55,,,
1,1,NPU,0,CHENAB2_NIF,146,100000,COPPER,,,,0,5,-15,43,0,,,55,,,
1,1,NPU,0,CHENAB2_NIF,147,100000,COPPER,,,,0,5,-15,43,0,,,55,,,
1,1,NPU,0,CHENAB2_NIF,148,100000,COPPER,,,,0,5,-15,43,0,,,55,,,
1,1,NPU,0,CHENAB2_NIF,149,100000,COPPER,,,,0,5,-15,43,0,,,55,,,
1,1,NPU,0,CHENAB2_NIF,150,100000,COPPER,,,,0,5,-15,43,0,,,55,,,
1,1,NPU,0,CHENAB2_NIF,151,100000,COPPER,,,,0,5,-15,43,0,,,55,,,
1,1,NPU,0,CHENAB2_NIF,152,100000,COPPER,,,,0,5,-15,43,0,,,55,,,
1,1,NPU,0,CHENAB2_NIF,153,100000,COPPER,,,,0,5,-15,43,0,,,55,,,
1,1,NPU,0,CHENAB2_NIF,154,100000,COPPER,,,,0,5,-15,43,0,,,55,,,
1,1,NPU,0,CHENAB2_NIF,155,100000,COPPER,,,,0,5,-15,43,0,,,55,,,
1,1,NPU,0,CHENAB2_NIF,156,100000,COPPER,,,,0,5,-15,43,0,,,55,,,
1,1,NPU,0,CHENAB2_NIF,157,100000,COPPER,,,,0,5,-15,43,0,,,55,,,
1,1,NPU,0,CHENAB2_NIF,158,100000,COPPER,,,,0,5,-15,43,0,,,55,,,
1,1,NPU,0,CHENAB2_NIF,159,100000,COPPER,,,,0,5,-15,43,0,,,55,,,
1,1,NPU,0,CHENAB2_NIF,160,100000,COPPER,,,,0,5,-15,43,0,,,55,,,
1,1,NPU,0,CHENAB2_NIF,161,100000,COPPER,,,,0,5,-15,43,0,,,55,,,
1,1,NPU,0,CHENAB2_NIF,162,100000,COPPER,,,,0,5,-15,43,0,,,55,,,
1,1,NPU,0,CHENAB2_NIF,163,100000,COPPER,,,,0,5,-15,43,0,,,55,,,
1,1,NPU,0,CHENAB2_NIF,164,100000,COPPER,,,,0,5,-15,43,0,,,55,,,
1,1,NPU,0,CHENAB2_NIF,165,100000,COPPER,,,,0,5,-15,43,0,,,55,,,
1,1,NPU,0,CHENAB2_NIF,166,100000,COPPER,,,,0,5,-15,43,0,,,55,,,
1,1,NPU,0,CHENAB2_NIF,167,100000,COPPER,,,,0,5,-15,43,0,,,55,,,
1,1,NPU,0,CHENAB2_NIF,168,100000,COPPER,,,,0,5,-15,43,0,,,55,,,
1,1,NPU,0,CHENAB2_NIF,169,100000,COPPER,,,,0,5,-15,43,0,,,55,,,
1,1,NPU,0,CHENAB2_NIF,170,100000,COPPER,,,,0,5,-15,43,0,,,55,,,
1,1,NPU,0,CHENAB2_NIF,171,100000,COPPER,,,,0,5,-15,43,0,,,55,,,
1,1,NPU,0,CHENAB2_NIF,172,100000,COPPER,,,,0,5,-15,43,0,,,55,,,
1,1,NPU,0,CHENAB2_NIF,173,100000,COPPER,,,,0,5,-15,43,0,,,55,,,
1,1,NPU,0,CHENAB2_NIF,174,100000,COPPER,,,,0,5,-15,43,0,,,55,,,
1,1,NPU,0,CHENAB2_NIF,175,100000,COPPER,,,,0,5,-15,43,0,,,55,,,
1,1,NPU,0,CHENAB2_NIF,176,100000,COPPER,,,,0,5,-15,43,0,,,55,,,
1,1,NPU,0,CHENAB2_NIF,177,100000,COPPER,,,,0,5,-15,43,0,,,55,,,
1,1,NPU,0,CHENAB2_NIF,178,100000,COPPER,,,,0,5,-15,43,0,,,55,,,
1,1,NPU,0,CHENAB2_NIF,179,100000,COPPER,,,,0,5,-15,43,0,,,55,,,
1,1,NPU,0,CHENAB2_NIF,180,100000,COPPER,,,,0,5,-15,43,0,,,55,,,
1,1,NPU,0,CHENAB2_NIF,181,100000,COPPER,,,,0,5,-15,43,0,,,55,,,
1,1,NPU,0,CHENAB2_NIF,182,100000,COPPER,,,,0,5,-15,43,0,,,55,,,
1,1,NPU,0,CHENAB2_NIF,183,100000,COPPER,,,,0,5,-15,43,0,,,55,,,
1,1,NPU,0,CHENAB2_NIF,184,100000,COPPER,,,,0,5,-15,43,0,,,55,,,
1,1,NPU,0,CHENAB2_NIF,185,100000,COPPER,,,,0,5,-15,43,0,,,55,,,
1,1,NPU,0,CHENAB2_NIF,186,100000,COPPER,,,,0,5,-15,43,0,,,55,,,
1,1,NPU,0,CHENAB2_NIF,187,100000,COPPER,,,,0,5,-15,43,0,,,55,,,
1,1,NPU,0,CHENAB2_NIF,188,100000,COPPER,,,,0,5,-15,43,0,,,55,,,
1,1,NPU,0,CHENAB2_NIF,189,100000,COPPER,,,,0,5,-15,43,0,,,55,,,
1,1,NPU,0,CHENAB2_NIF,190,100000,COPPER,,,,0,5,-15,43,0,,,55,,,
1,1,NPU,0,CHENAB2_NIF,191,100000,COPPER,,,,0,5,-15,43,0,,,55,,,
1,1,NPU,0,CHENAB2_NIF,192,100000,COPPER,,,,0,5,-15,43,0,,,55,,,
1,1,NPU,0,CHENAB2_NIF,193,100000,COPPER,,,,0,5,-15,43,0,,,55,,,
1,1,NPU,0,CHENAB2_NIF,194,100000,COPPER,,,,0,5,-15,43,0,,,55,,,
1,1,NPU,0,CHENAB2_NIF,195,100000,COPPER,,,,0,5,-15,43,0,,,55,,,
1,1,NPU,0,CHENAB2_NIF,196,100000,COPPER,,,,0,5,-15,43,0,,,55,,,
1,1,NPU,0,CHENAB2_NIF,197,100000,COPPER,,,,0,5,-15,43,0,,,55,,,
1,1,NPU,0,CHENAB2_NIF,198,100000,COPPER,,,,0,5,-15,43,0,,,55,,,
1,1,NPU,0,CHENAB2_NIF,199,100000,COPPER,,,,0,5,-15,43,0,,,55,,,
1,1,NPU,0,CHENAB2_NIF,200,100000,COPPER,,,,0,5,-15,43,0,,,55,,,
1,1,NPU,0,CHENAB2_NIF,201,100000,COPPER,,,,0,5,-15,43,0,,,55,,,
1,1,NPU,0,CHENAB2_NIF,202,100000,COPPER,,,,0,5,-15,43,0,,,55,,,
1,1,NPU,0,CHENAB2_NIF,203,100000,COPPER,,,,0,5,-15,43,0,,,55,,,
1,1,NPU,0,CHENAB2_NIF,204,100000,COPPER,,,,0,5,-15,43,0,,,55,,,
1,1,NPU,0,CHENAB2_NIF,205,100000,COPPER,,,,0,5,-15,43,0,,,55,,,
1,1,NPU,0,CHENAB2_NIF,206,100000,COPPER,,,,0,5,-15,43,0,,,55,,,
1,1,NPU,0,CHENAB2_NIF,207,100000,COPPER,,,,0,5,-15,43,0,,,55,,,
1,1,NPU,0,CHENAB2_NIF,208,100000,COPPER,,,,0,5,-15,43,0,,,55,,,
1,1,NPU,0,CHENAB2_NIF,209,100000,COPPER,,,,0,5,-15,43,0,,,55,,,
1,1,NPU,0,CHENAB2_NIF,210,100000,COPPER,,,,0,5,-15,43,0,,,55,,,
1,1,NPU,0,CHENAB2_NIF,211,100000,COPPER,,,,0,5,-15,43,0,,,55,,,
1,1,NPU,0,CHENAB2_NIF,212,100000,COPPER,,,,0,5,-15,43,0,,,55,,,
1,1,NPU,0,CHENAB2_NIF,213,100000,COPPER,,,,0,5,-15,43,0,,,55,,,
1,1,NPU,0,CHENAB2_NIF,214,100000,COPPER,,,,0,5,-15,43,0,,,55,,,
1,1,NPU,0,CHENAB2_NIF,215,100000,COPPER,,,,0,5,-15,43,0,,,55,,,
1,1,NPU,0,CHENAB2_NIF,216,100000,COPPER,,,,0,5,-15,43,0,,,55,,,
1,1,NPU,0,CHENAB2_NIF,217,100000,COPPER,,,,0,5,-15,43,0,,,55,,,
1,1,NPU,0,CHENAB2_NIF,218,100000,COPPER,,,,0,5,-15,43,0,,,55,,,
1,1,NPU,0,CHENAB2_NIF,219,100000,COPPER,,,,0,5,-15,43,0,,,55,,,
1,1,NPU,0,CHENAB2_NIF,220,100000,COPPER,,,,0,5,-15,43,0,,,55,,,
1,1,NPU,0,CHENAB2_NIF,221,100000,COPPER,,,,0,5,-15,43,0,,,55,,,
1,1,NPU,0,CHENAB2_NIF,222,100000,COPPER,,,,0,5,-15,43,0,,,55,,,
1,1,NPU,0,CHENAB2_NIF,223,100000,COPPER,,,,0,5,-15,43,0,,,55,,,
1,1,NPU,0,CHENAB2_NIF,224,100000,COPPER,,,,0,5,-15,43,0,,,55,,,
1,1,NPU,0,CHENAB2_NIF,225,100000,COPPER,,,,0,5,-15,43,0,,,55,,,
1,1,NPU,0,CHENAB2_NIF,226,100000,COPPER,,,,0,5,-15,43,0,,,55,,,
1,1,NPU,0,CHENAB2_NIF,227,100000,COPPER,,,,0,5,-15,43,0,,,55,,,
1,1,NPU,0,CHENAB2_NIF,228,100000,COPPER,,,,0,5,-15,43,0,,,55,,,
1,1,NPU,0,CHENAB2_NIF,229,100000,COPPER,,,,0,5,-15,43,0,,,55,,,
1,1,NPU,0,CHENAB2_NIF,230,100000,COPPER,,,,0,5,-15,43,0,,,55,,,
1,1,NPU,0,CHENAB2_NIF,231,100000,COPPER,,,,0,5,-15,43,0,,,55,,,
1,1,NPU,0,CHENAB2_NIF,232,100000,COPPER,,,,0,5,-15,43,0,,,55,,,
1,1,NPU,0,CHENAB2_NIF,233,100000,COPPER,,,,0,5,-15,43,0,,,55,,,
1,1,NPU,0,CHENAB2_NIF,234,100000,COPPER,,,,0,5,-15,43,0,,,55,,,
1,1,NPU,0,CHENAB2_NIF,235,100000,COPPER,,,,0,5,-15,43,0,,,55,,,
1,1,NPU,0,CHENAB2_NIF,236,100000,COPPER,,,,0,5,-15,43,0,,,55,,,
1,1,NPU,0,CHENAB2_NIF,237,100000,COPPER,,,,0,5,-15,43,0,,,55,,,
1,1,NPU,0,CHENAB2_NIF,238,100000,COPPER,,,,0,5,-15,43,0,,,55,,,
1,1,NPU,0,CHENAB2_NIF,239,100000,COPPER,,,,0,5,-15,43,0,,,55,,,
1,1,NPU,0,CHENAB2_NIF,240,100000,COPPER,,,,0,5,-15,43,0,,,55,,,
1,1,NPU,0,CHENAB2_NIF,241,100000,COPPER,,,,0,5,-15,43,0,,,55,,,
1,1,NPU,0,CHENAB2_NIF,242,100000,COPPER,,,,0,5,-15,43,0,,,55,,,
1,1,NPU,0,CHENAB2_NIF,243,100000,COPPER,,,,0,5,-15,43,0,,,55,,,
1,1,NPU,0,CHENAB2_NIF,244,100000,COPPER,,,,0,5,-15,43,0,,,55,,,
1,1,NPU,0,CHENAB2_NIF,245,100000,COPPER,,,,0,5,-15,43,0,,,55,,,
1,1,NPU,0,CHENAB2_NIF,246,100000,COPPER,,,,0,5,-15,43,0,,,55,,,
1,1,NPU,0,CHENAB2_NIF,247,100000,COPPER,,,,0,5,-15,43,0,,,55,,,
1,1,NPU,0,CHENAB2_NIF,248,100000,COPPER,,,,0,5,-15,43,0,,,55,,,
1,1,NPU,0,CHENAB2_NIF,249,100000,COPPER,,,,0,5,-15,43,0,,,55,,,
1,1,NPU,0,CHENAB2_NIF,250,100000,COPPER,,,,0,5,-15,43,0,,,55,,,
1,1,NPU,0,CHENAB2_NIF,251,100000,COPPER,,,,0,5,-15,43,0,,,55,,,
1,1,NPU,0,CHENAB2_NIF,252,100000,COPPER,,,,0,5,-15,43,0,,,55,,,
1,1,NPU,0,CHENAB2_NIF,253,100000,COPPER,,,,0,5,-15,43,0,,,55,,,
1,1,NPU,0,CHENAB2_NIF,254,100000,COPPER,,,,0,5,-15,43,0,,,55,,,
1,1,NPU,0,CHENAB2_NIF,255,100000,COPPER,,,,0,5,-15,43,0,,,55,,,
1,1,NPU,0,CHENAB2_NIF,256,100000,COPPER,,,,0,5,-15,43,0,,,55,,,
1,1,NPU,0,CHENAB2_NIF,257,100000,COPPER,,,,0,5,-15,43,0,,,55,,,
1,1,NPU,0,CHENAB2_NIF,258,100000,COPPER,,,,0,5,-15,43,0,,,55,,,
1,1,NPU,0,CHENAB2_NIF,259,100000,COPPER,,,,0,5,-15,43,0,,,55,,,
1,1,NPU,0,CHENAB2_NIF,260,100000,COPPER,,,,0,5,-15,43,0,,,55,,,
1,1,NPU,0,CHENAB2_NIF,261,100000,COPPER,,,,0,5,-15,43,0,,,55,,,
1,1,NPU,0,CHENAB2_NIF,262,100000,COPPER,,,,0,5,-15,43,0,,,55,,,
1,1,NPU,0,CHENAB2_NIF,263,100000,COPPER,,,,0,5,-15,43,0,,,55,,,
1,1,NPU,0,CHENAB2_NIF,264,100000,COPPER,,,,0,5,-15,43,0,,,55,,,
1,1,NPU,0,CHENAB2_NIF,265,100000,COPPER,,,,0,5,-15,43,0,,,55,,,
1,1,NPU,0,CHENAB2_NIF,266,100000,COPPER,,,,0,5,-15,43,0,,,55,,,
1,1,NPU,0,CHENAB2_NIF,267,100000,COPPER,,,,0,5,-15,43,0,,,55,,,
1,1,NPU,0,CHENAB2_NIF,268,100000,COPPER,,,,0,5,-15,43,0,,,55,,,
1,1,NPU,0,CHENAB2_NIF,269,100000,COPPER,,,,0,5,-15,43,0,,,55,,,
1,1,NPU,0,CHENAB2_NIF,270,100000,COPPER,,,,0,5,-15,43,0,,,55,,,
1,1,NPU,0,CHENAB2_NIF,271,100000,COPPER,,,,0,5,-15,43,0,,,55,,,
1,1,NPU,0,CHENAB2_NIF,272,100000,COPPER,,,,0,5,-15,43,0,,,55,,,
1,1,NPU,0,CHENAB2_NIF,273,100000,COPPER,,,,0,5,-15,43,0,,,55,,,
1,1,NPU,0,CHENAB2_NIF,274,100000,COPPER,,,,0,5,-15,43,0,,,55,,,
1,1,NPU,0,CHENAB2_NIF,275,100000,COPPER,,,,0,5,-15,43,0,,,55,,,
1,1,NPU,0,CHENAB2_NIF,276,100000,COPPER,,,,0,5,-15,43,0,,,55,,,
1,1,NPU,0,CHENAB2_NIF,277,100000,COPPER,,,,0,5,-15,43,0,,,55,,,
1,1,NPU,0,CHENAB2_NIF,278,100000,COPPER,,,,0,5,-15,43,0,,,55,,,
1,1,NPU,0,CHENAB2_NIF,279,100000,COPPER,,,,0,5,-15,43,0,,,55,,,
1,1,NPU,0,CHENAB2_NIF,280,100000,COPPER,,,,0,5,-15,43,0,,,55,,,
1,1,NPU,0,CHENAB2_NIF,281,100000,COPPER,,,,0,5,-15,43,0,,,55,,,
1,1,NPU,0,CHENAB2_NIF,282,100000,COPPER,,,,0,5,-15,43,0,,,55,,,
1,1,NPU,0,CHENAB2_NIF,283,100000,COPPER,,,,0,5,-15,43,0,,,55,,,
1,1,NPU,0,CHENAB2_NIF,284,100000,COPPER,,,,0,5,-15,43,0,,,55,,,
1,1,NPU,0,CHENAB2_NIF,285,100000,COPPER,,,,0,5,-15,43,0,,,55,,,
1,1,NPU,0,CHENAB2_NIF,286,100000,COPPER,,,,0,5,-15,43,0,,,55,,,
1,1,NPU,0,CHENAB2_NIF,287,100000,COPPER,,,,0,5,-15,43,0,,,55,,,
1,1,NPU,0,CHENAB2_NIF,288,100000,COPPER,,,,0,5,-15,43,0,,,55,,,
1,1,NPU,0,CHENAB2_NIF,289,100000,COPPER,,,,0,5,-15,43,0,,,55,,,
1,1,NPU,0,CHENAB2_NIF,290,100000,COPPER,,,,0,5,-15,43,0,,,55,,,
1,1,NPU,0,CHENAB2_NIF,291,100000,COPPER,,,,0,5,-15,43,0,,,55,,,
1,1,NPU,0,CHENAB2_NIF,292,100000,COPPER,,,,0,5,-15,43,0,,,55,,,
1,1,NPU,0,CHENAB2_NIF,293,100000,COPPER,,,,0,5,-15,43,0,,,55,,,
1,1,NPU,0,CHENAB2_NIF,294,100000,COPPER,,,,0,5,-15,43,0,,,55,,,
1,1,NPU,0,CHENAB2_NIF,295,100000,COPPER,,,,0,5,-15,43,0,,,55,,,
1,1,NPU,0,CHENAB2_NIF,296,100000,COPPER,,,,0,5,-15,43,0,,,55,,,
1,1,NPU,0,CHENAB2_NIF,297,100000,COPPER,,,,0,5,-15,43,0,,,55,,,
1,1,NPU,0,CHENAB2_NIF,298,100000,COPPER,,,,0,5,-15,43,0,,,55,,,
1,1,NPU,0,CHENAB2_NIF,299,100000,COPPER,,,,0,5,-15,43,0,,,55,,,
1,1,NPU,0,CHENAB2_NIF,300,100000,COPPER,,,,0,5,-15,43,0,,,55,,,
1,1,NPU,0,CHENAB2_NIF,301,100000,COPPER,,,,0,5,-15,43,0,,,55,,,
1,1,NPU,0,CHENAB2_NIF,302,100000,COPPER,,,,0,5,-15,43,0,,,55,,,
1,1,NPU,0,CHENAB2_NIF,303,100000,COPPER,,,,0,5,-15,43,0,,,55,,,
1,1,NPU,0,CHENAB2_NIF,304,100000,COPPER,,,,0,5,-15,43,0,,,55,,,
1,1,NPU,0,CHENAB2_NIF,305,100000,COPPER,,,,0,5,-15,43,0,,,55,,,
1,1,NPU,0,CHENAB2_NIF,306,100000,COPPER,,,,0,5,-15,43,0,,,55,,,
1,1,NPU,0,CHENAB2_NIF,307,100000,COPPER,,,,0,5,-15,43,0,,,55,,,
1,1,NPU,0,CHENAB2_NIF,308,100000,COPPER,,,,0,5,-15,43,0,,,55,,,
1,1,NPU,0,CHENAB2_NIF,309,100000,COPPER,,,,0,5,-15,43,0,,,55,,,
1,1,NPU,0,CHENAB2_NIF,310,100000,COPPER,,,,0,5,-15,43,0,,,55,,,
1,1,NPU,0,CHENAB2_NIF,311,100000,COPPER,,,,0,5,-15,43,0,,,55,,,
1,1,NPU,0,CHENAB2_NIF,312,100000,COPPER,,,,0,5,-15,43,0,,,55,,,
1,1,NPU,0,CHENAB2_NIF,313,100000,COPPER,,,,0,5,-15,43,0,,,55,,,
1,1,NPU,0,CHENAB2_NIF,314,100000,COPPER,,,,0,5,-15,43,0,,,55,,,
1,1,NPU,0,CHENAB2_NIF,315,100000,COPPER,,,,0,5,-15,43,0,,,55,,,
1,1,NPU,0,CHENAB2_NIF,316,100000,COPPER,,,,0,5,-15,43,0,,,55,,,
1,1,NPU,0,CHENAB2_NIF,317,100000,COPPER,,,,0,5,-15,43,0,,,55,,,
1,1,NPU,0,CHENAB2_NIF,318,100000,COPPER,,,,0,5,-15,43,0,,,55,,,
1,1,NPU,0,CHENAB2_NIF,319,100000,COPPER,,,,0,5,-15,43,0,,,55,,,
1,1,NPU,0,CHENAB2_NIF,320,100000,COPPER,,,,0,5,-15,43,0,,,55,,,
1,1,NPU,0,CHENAB2_NIF,321,100000,COPPER,,,,0,5,-15,43,0,,,55,,,
1,1,NPU,0,CHENAB2_NIF,322,100000,COPPER,,,,0,5,-15,43,0,,,55,,,
1,1,NPU,0,CHENAB2_NIF,323,100000,COPPER,,,,0,5,-15,43,0,,,55,,,
1,1,NPU,0,CHENAB2_NIF,324,100000,COPPER,,,,0,5,-15,43,0,,,55,,,
1,1,NPU,0,CHENAB2_NIF,325,100000,COPPER,,,,0,5,-15,43,0,,,55,,,
1,1,NPU,0,CHENAB2_NIF,326,100000,COPPER,,,,0,5,-15,43,0,,,55,,,
1,1,NPU,0,CHENAB2_NIF,327,100000,COPPER,,,,0,5,-15,43,0,,,55,,,
1,1,NPU,0,CHENAB2_NIF,328,100000,COPPER,,,,0,5,-15,43,0,,,55,,,
1,1,NPU,0,CHENAB2_NIF,329,100000,COPPER,,,,0,5,-15,43,0,,,55,,,
1,1,NPU,0,CHENAB2_NIF,330,100000,COPPER,,,,0,5,-15,43,0,,,55,,,
1,1,NPU,0,CHENAB2_NIF,331,100000,COPPER,,,,0,5,-15,43,0,,,55,,,
1,1,NPU,0,CHENAB2_NIF,332,100000,COPPER,,,,0,5,-15,43,0,,,55,,,
1,1,NPU,0,CHENAB2_NIF,333,100000,COPPER,,,,0,5,-15,43,0,,,55,,,
1,1,NPU,0,CHENAB2_NIF,334,100000,COPPER,,,,0,5,-15,43,0,,,55,,,
1,1,NPU,0,CHENAB2_NIF,335,100000,COPPER,,,,0,5,-15,43,0,,,55,,,
1,1,NPU,0,CHENAB2_NIF,336,100000,COPPER,,,,0,5,-15,43,0,,,55,,,
1,1,NPU,0,CHENAB2_NIF,337,100000,COPPER,,,,0,5,-15,43,0,,,55,,,
1,1,NPU,0,CHENAB2_NIF,338,100000,COPPER,,,,0,5,-15,43,0,,,55,,,
1,1,NPU,0,CHENAB2_NIF,339,100000,COPPER,,,,0,5,-15,43,0,,,55,,,
1,1,NPU,0,CHENAB2_NIF,340,100000,COPPER,,,,0,5,-15,43,0,,,55,,,
1,1,NPU,0,CHENAB2_NIF,341,100000,COPPER,,,,0,5,-15,43,0,,,55,,,
1,1,NPU,0,CHENAB2_NIF,342,100000,COPPER,,,,0,5,-15,43,0,,,55,,,
1,1,NPU,0,CHENAB2_NIF,343,100000,COPPER,,,,0,5,-15,43,0,,,55,,,
1,1,NPU,0,CHENAB2_NIF,344,100000,COPPER,,,,0,5,-15,43,0,,,55,,,
1,1,NPU,0,CHENAB2_NIF,345,100000,COPPER,,,,0,5,-15,43,0,,,55,,,
1,1,NPU,0,CHENAB2_NIF,346,100000,COPPER,,,,0,5,-15,43,0,,,55,,,
1,1,NPU,0,CHENAB2_NIF,347,100000,COPPER,,,,0,5,-15,43,0,,,55,,,
1,1,NPU,0,CHENAB2_NIF,348,100000,COPPER,,,,0,5,-15,43,0,,,55,,,
1,1,NPU,0,CHENAB2_NIF,349,100000,COPPER,,,,0,5,-15,43,0,,,55,,,
1,1,NPU,0,CHENAB2_NIF,350,100000,COPPER,,,,0,5,-15,43,0,,,55,,,
1,1,NPU,0,CHENAB2_NIF,351,100000,COPPER,,,,0,5,-15,43,0,,,55,,,
1,1,NPU,0,CHENAB2_NIF,352,100000,COPPER,,,,0,5,-15,43,0,,,55,,,
1,1,NPU,0,CHENAB2_NIF,353,100000,COPPER,,,,0,5,-15,43,0,,,55,,,
1,1,NPU,0,CHENAB2_NIF,354,100000,COPPER,,,,0,5,-15,43,0,,,55,,,
1,1,NPU,0,CHENAB2_NIF,355,100000,COPPER,,,,0,5,-15,43,0,,,55,,,
1,1,NPU,0,CHENAB2_NIF,356,100000,COPPER,,,,0,5,-15,43,0,,,55,,,
1,1,NPU,0,CHENAB2_NIF,357,100000,COPPER,,,,0,5,-15,43,0,,,55,,,
1,1,NPU,0,CHENAB2_NIF,358,100000,COPPER,,,,0,5,-15,43,0,,,55,,,
1,1,NPU,0,CHENAB2_NIF,359,100000,COPPER,,,,0,5,-15,43,0,,,55,,,
1,1,NPU,0,CHENAB2_NIF,360,100000,COPPER,,,,0,5,-15,43,0,,,55,,,
1,1,NPU,0,CHENAB2_NIF,361,100000,COPPER,,,,0,5,-15,43,0,,,55,,,
1,1,NPU,0,CHENAB2_NIF,362,100000,COPPER,,,,0,5,-15,43,0,,,55,,,
1,1,NPU,0,CHENAB2_NIF,363,100000,COPPER,,,,0,5,-15,43,0,,,55,,,
1,1,NPU,0,CHENAB2_NIF,364,100000,COPPER,,,,0,5,-15,43,0,,,55,,,
1,1,NPU,0,CHENAB2_NIF,365,100000,COPPER,,,,0,5,-15,43,0,,,55,,,
1,1,NPU,0,CHENAB2_NIF,366,100000,COPPER,,,,0,5,-15,43,0,,,55,,,
1,1,NPU,0,CHENAB2_NIF,367,100000,COPPER,,,,0,5,-15,43,0,,,55,,,
1,1,NPU,0,CHENAB2_NIF,368,100000,COPPER,,,,0,5,-15,43,0,,,55,,,
1,1,NPU,0,CHENAB2_NIF,369,100000,COPPER,,,,0,5,-15,43,0,,,55,,,
1,1,NPU,0,CHENAB2_NIF,370,100000,COPPER,,,,0,5,-15,43,0,,,55,,,
1,1,NPU,0,CHENAB2_NIF,371,100000,COPPER,,,,0,5,-15,43,0,,,55,,,
1,1,NPU,0,CHENAB2_NIF,372,100000,COPPER,,,,0,5,-15,43,0,,,55,,,
1,1,NPU,0,CHENAB2_NIF,373,100000,COPPER,,,,0,5,-15,43,0,,,55,,,
1,1,NPU,0,CHENAB2_NIF,374,100000,COPPER,,,,0,5,-15,43,0,,,55,,,
1,1,NPU,0,CHENAB2_NIF,375,100000,COPPER,,,,0,5,-15,43,0,,,55,,,
1,1,NPU,0,CHENAB2_NIF,376,100000,COPPER,,,,0,5,-15,43,0,,,55,,,
1,1,NPU,0,CHENAB2_NIF,377,100000,COPPER,,,,0,5,-15,43,0,,,55,,,
1,1,NPU,0,CHENAB2_NIF,378,100000,COPPER,,,,0,5,-15,43,0,,,55,,,
1,1,NPU,0,CHENAB2_NIF,379,100000,COPPER,,,,0,5,-15,43,0,,,55,,,
1,1,NPU,0,CHENAB2_NIF,380,100000,COPPER,,,,0,5,-15,43,0,,,55,,,
1,1,NPU,0,CHENAB2_NIF,381,100000,COPPER,,,,0,5,-15,43,0,,,55,,,
1,1,NPU,0,CHENAB2_NIF,382,100000,COPPER,,,,0,5,-15,43,0,,,55,,,
1,1,NPU,0,CHENAB2_NIF,383,100000,COPPER,,,,0,5,-15,43,0,,,55,,,
1,1,NPU,0,CHENAB2_NIF,384,100000,COPPER,,,,0,5,-15,43,0,,,55,,,
1,1,NPU,0,CHENAB2_NIF,385,100000,COPPER,,,,0,5,-15,43,0,,,55,,,
1,1,NPU,0,CHENAB2_NIF,386,100000,COPPER,,,,0,5,-15,43,0,,,55,,,
1,1,NPU,0,CHENAB2_NIF,387,100000,COPPER,,,,0,5,-15,43,0,,,55,,,
1,1,NPU,0,CHENAB2_NIF,388,100000,COPPER,,,,0,5,-15,43,0,,,55,,,
1,1,NPU,0,CHENAB2_NIF,389,100000,COPPER,,,,0,5,-15,43,0,,,55,,,
1,1,NPU,0,CHENAB2_NIF,390,100000,COPPER,,,,0,5,-15,43,0,,,55,,,
1,1,NPU,0,CHENAB2_NIF,391,100000,COPPER,,,,0,5,-15,43,0,,,55,,,
1,1,NPU,0,CHENAB2_NIF,392,100000,COPPER,,,,0,5,-15,43,0,,,55,,,
1,1,NPU,0,CHENAB2_NIF,393,100000,COPPER,,,,0,5,-15,43,0,,,55,,,
1,1,NPU,0,CHENAB2_NIF,394,100000,COPPER,,,,0,5,-15,43,0,,,55,,,
1,1,NPU,0,CHENAB2_NIF,395,100000,COPPER,,,,0,5,-15,43,0,,,55,,,
1,1,NPU,0,CHENAB2_NIF,396,100000,COPPER,,,,0,5,-15,43,0,,,55,,,
1,1,NPU,0,CHENAB2_NIF,397,100000,COPPER,,,,0,5,-15,43,0,,,55,,,
1,1,NPU,0,CHENAB2_NIF,398,100000,COPPER,,,,0,5,-15,43,0,,,55,,,
1,1,NPU,0,CHENAB2_NIF,399,100000,COPPER,,,,0,5,-15,43,0,,,55,,,
1,1,NPU,0,CHENAB2_NIF,400,100000,COPPER,,,,0,5,-15,43,0,,,55,,,
1,1,NPU,0,CHENAB2_NIF,401,100000,COPPER,,,,0,5,-15,43,0,,,55,,,
1,1,NPU,0,CHENAB2_NIF,402,100000,COPPER,,,,0,5,-15,43,0,,,55,,,
1,1,NPU,0,CHENAB2_NIF,403,100000,COPPER,,,,0,5,-15,43,0,,,55,,,
1,1,NPU,0,CHENAB2_NIF,404,100000,COPPER,,,,0,5,-15,43,0,,,55,,,
1,1,NPU,0,CHENAB2_NIF,405,100000,COPPER,,,,0,5,-15,43,0,,,55,,,
1,1,NPU,0,CHENAB2_NIF,406,100000,COPPER,,,,0,5,-15,43,0,,,55,,,
1,1,NPU,0,CHENAB2_NIF,407,100000,COPPER,,,,0,5,-15,43,0,,,55,,,
1,1,NPU,0,CHENAB2_NIF,408,100000,COPPER,,,,0,5,-15,43,0,,,55,,,
1,1,NPU,0,CHENAB2_NIF,409,100000,COPPER,,,,0,5,-15,43,0,,,55,,,
1,1,NPU,0,CHENAB2_NIF,410,100000,COPPER,,,,0,5,-15,43,0,,,55,,,
1,1,NPU,0,CHENAB2_NIF,411,100000,COPPER,,,,0,5,-15,43,0,,,55,,,
1,1,NPU,0,CHENAB2_NIF,412,100000,COPPER,,,,0,5,-15,43,0,,,55,,,
1,1,NPU,0,CHENAB2_NIF,413,100000,COPPER,,,,0,5,-15,43,0,,,55,,,
1,1,NPU,0,CHENAB2_NIF,414,100000,COPPER,,,,0,5,-15,43,0,,,55,,,
1,1,NPU,0,CHENAB2_NIF,415,100000,COPPER,,,,0,5,-15,43,0,,,55,,,
1,1,NPU,0,CHENAB2_NIF,416,100000,COPPER,,,,0,5,-15,43,0,,,55,,,
1,1,NPU,0,CHENAB2_NIF,417,100000,COPPER,,,,0,5,-15,43,0,,,55,,,
1,1,NPU,0,CHENAB2_NIF,418,100000,COPPER,,,,0,5,-15,43,0,,,55,,,
1,1,NPU,0,CHENAB2_NIF,419,100000,COPPER,,,,0,5,-15,43,0,,,55,,,
1,1,NPU,0,CHENAB2_NIF,420,100000,COPPER,,,,0,5,-15,43,0,,,55,,,
1,1,NPU,0,CHENAB2_NIF,421,100000,COPPER,,,,0,5,-15,43,0,,,55,,,
1,1,NPU,0,CHENAB2_NIF,422,100000,COPPER,,,,0,5,-15,43,0,,,55,,,
1,1,NPU,0,CHENAB2_NIF,423,100000,COPPER,,,,0,5,-15,43,0,,,55,,,
1,1,NPU,0,CHENAB2_NIF,424,100000,COPPER,,,,0,5,-15,43,0,,,55,,,
1,1,NPU,0,CHENAB2_NIF,425,100000,COPPER,,,,0,5,-15,43,0,,,55,,,
1,1,NPU,0,CHENAB2_NIF,426,100000,COPPER,,,,0,5,-15,43,0,,,55,,,
1,1,NPU,0,CHENAB2_NIF,427,100000,COPPER,,,,0,5,-15,43,0,,,55,,,
1,1,NPU,0,CHENAB2_NIF,428,100000,COPPER,,,,0,5,-15,43,0,,,55,,,
1,1,NPU,0,CHENAB2_NIF,429,100000,COPPER,,,,0,5,-15,43,0,,,55,,,
1,1,NPU,0,CHENAB2_NIF,430,100000,COPPER,,,,0,5,-15,43,0,,,55,,,
1,1,NPU,0,CHENAB2_NIF,431,100000,COPPER,,,,0,5,-15,43,0,,,55,,,
1,1,NPU,0,CHENAB2_NIF,432,100000,COPPER,,,,0,5,-15,43,0,,,55,,,
1,1,NPU,0,CHENAB2_NIF,433,100000,COPPER,,,,0,5,-15,43,0,,,55,,,
1,1,NPU,0,CHENAB2_NIF,434,100000,COPPER,,,,0,5,-15,43,0,,,55,,,
1,1,NPU,0,CHENAB2_NIF,435,100000,COPPER,,,,0,5,-15,43,0,,,55,,,
1,1,NPU,0,CHENAB2_NIF,436,100000,COPPER,,,,0,5,-15,43,0,,,55,,,
1,1,NPU,0,CHENAB2_NIF,437,100000,COPPER,,,,0,5,-15,43,0,,,55,,,
1,1,NPU,0,CHENAB2_NIF,438,100000,COPPER,,,,0,5,-15,43,0,,,55,,,
1,1,NPU,0,CHENAB2_NIF,439,100000,COPPER,,,,0,5,-15,43,0,,,55,,,
1,1,NPU,0,CHENAB2_NIF,440,100000,COPPER,,,,0,5,-15,43,0,,,55,,,
1,1,NPU,0,CHENAB2_NIF,441,100000,COPPER,,,,0,5,-15,43,0,,,55,,,
1,1,NPU,0,CHENAB2_NIF,442,100000,COPPER,,,,0,5,-15,43,0,,,55,,,
1,1,NPU,0,CHENAB2_NIF,443,100000,COPPER,,,,0,5,-15,43,0,,,55,,,
1,1,NPU,0,CHENAB2_NIF,444,100000,COPPER,,,,0,5,-15,43,0,,,55,,,
1,1,NPU,0,CHENAB2_NIF,445,100000,COPPER,,,,0,5,-15,43,0,,,55,,,
1,1,NPU,0,CHENAB2_NIF,446,100000,COPPER,,,,0,5,-15,43,0,,,55,,,
1,1,NPU,0,CHENAB2_NIF,447,100000,COPPER,,,,0,5,-15,43,0,,,55,,,
1,1,NPU,0,CHENAB2_NIF,448,100000,COPPER,,,,0,5,-15,43,0,,,55,,,
1,1,NPU,0,CHENAB2_NIF,449,100000,COPPER,,,,0,5,-15,43,0,,,55,,,
1,1,NPU,0,CHENAB2_NIF,450,100000,COPPER,,,,0,5,-15,43,0,,,55,,,
1,1,NPU,0,CHENAB2_NIF,451,100000,COPPER,,,,0,5,-15,43,0,,,55,,,
1,1,NPU,0,CHENAB2_NIF,452,100000,COPPER,,,,0,5,-15,43,0,,,55,,,
1,1,NPU,0,CHENAB2_NIF,453,100000,COPPER,,,,0,5,-15,43,0,,,55,,,
1,1,NPU,0,CHENAB2_NIF,454,100000,COPPER,,,,0,5,-15,43,0,,,55,,,
1,1,NPU,0,CHENAB2_NIF,455,100000,COPPER,,,,0,5,-15,43,0,,,55,,,
1,1,NPU,0,CHENAB2_NIF,456,100000,COPPER,,,,0,5,-15,43,0,,,55,,,
1,1,NPU,0,CHENAB2_NIF,457,100000,COPPER,,,,0,5,-15,43,0,,,55,,,
1,1,NPU,0,CHENAB2_NIF,458,100000,COPPER,,,,0,5,-15,43,0,,,55,,,
1,1,NPU,0,CHENAB2_NIF,459,100000,COPPER,,,,0,5,-15,43,0,,,55,,,
1,1,NPU,0,CHENAB2_NIF,460,100000,COPPER,,,,0,5,-15,43,0,,,55,,,
1,1,NPU,0,CHENAB2_NIF,461,100000,COPPER,,,,0,5,-15,43,0,,,55,,,
1,1,NPU,0,CHENAB2_NIF,462,100000,COPPER,,,,0,5,-15,43,0,,,55,,,
1,1,NPU,0,CHENAB2_NIF,463,100000,COPPER,,,,0,5,-15,43,0,,,55,,,
1,1,NPU,0,CHENAB2_NIF,464,100000,COPPER,,,,0,5,-15,43,0,,,55,,,
1,1,NPU,0,CHENAB2_NIF,465,100000,COPPER,,,,0,5,-15,43,0,,,55,,,
1,1,NPU,0,CHENAB2_NIF,466,100000,COPPER,,,,0,5,-15,43,0,,,55,,,
1,1,NPU,0,CHENAB2_NIF,467,100000,COPPER,,,,0,5,-15,43,0,,,55,,,
1,1,NPU,0,CHENAB2_NIF,468,100000,COPPER,,,,0,5,-15,43,0,,,55,,,
1,1,NPU,0,CHENAB2_NIF,469,100000,COPPER,,,,0,5,-15,43,0,,,55,,,
1,1,NPU,0,CHENAB2_NIF,470,100000,COPPER,,,,0,5,-15,43,0,,,55,,,
1,1,NPU,0,CHENAB2_NIF,471,100000,COPPER,,,,0,5,-15,43,0,,,55,,,
1,1,NPU,0,CHENAB2_NIF,472,100000,COPPER,,,,0,5,-15,43,0,,,55,,,
1,1,NPU,0,CHENAB2_NIF,473,100000,COPPER,,,,0,5,-15,43,0,,,55,,,
1,1,NPU,0,CHENAB2_NIF,474,100000,COPPER,,,,0,5,-15,43,0,,,55,,,
1,1,NPU,0,CHENAB2_NIF,475,100000,COPPER,,,,0,5,-15,43,0,,,55,,,
1,1,NPU,0,CHENAB2_NIF,476,100000,COPPER,,,,0,5,-15,43,0,,,55,,,
1,1,NPU,0,CHENAB2_NIF,477,100000,COPPER,,,,0,5,-15,43,0,,,55,,,
1,1,NPU,0,CHENAB2_NIF,478,100000,COPPER,,,,0,5,-15,43,0,,,55,,,
1,1,NPU,0,CHENAB2_NIF,479,100000,COPPER,,,,0,5,-15,43,0,,,55,,,
1,1,NPU,0,CHENAB2_NIF,480,100000,COPPER,,,,0,5,-15,43,0,,,55,,,
1,1,NPU,0,CHENAB2_NIF,481,100000,COPPER,,,,0,5,-15,43,0,,,55,,,
1,1,NPU,0,CHENAB2_NIF,482,100000,COPPER,,,,0,5,-15,43,0,,,55,,,
1,1,NPU,0,CHENAB2_NIF,483,100000,COPPER,,,,0,5,-15,43,0,,,55,,,
1,1,NPU,0,CHENAB2_NIF,484,100000,COPPER,,,,0,5,-15,43,0,,,55,,,
1,1,NPU,0,CHENAB2_NIF,485,100000,COPPER,,,,0,5,-15,43,0,,,55,,,
1,1,NPU,0,CHENAB2_NIF,486,100000,COPPER,,,,0,5,-15,43,0,,,55,,,
1,1,NPU,0,CHENAB2_NIF,487,100000,COPPER,,,,0,5,-15,43,0,,,55,,,
1,1,NPU,0,CHENAB2_NIF,488,100000,COPPER,,,,0,5,-15,43,0,,,55,,,
1,1,NPU,0,CHENAB2_NIF,489,100000,COPPER,,,,0,5,-15,43,0,,,55,,,
1,1,NPU,0,CHENAB2_NIF,490,100000,COPPER,,,,0,5,-15,43,0,,,55,,,
1,1,NPU,0,CHENAB2_NIF,491,100000,COPPER,,,,0,5,-15,43,0,,,55,,,
1,1,NPU,0,CHENAB2_NIF,492,100000,COPPER,,,,0,5,-15,43,0,,,55,,,
1,1,NPU,0,CHENAB2_NIF,493,100000,COPPER,,,,0,5,-15,43,0,,,55,,,
1,1,NPU,0,CHENAB2_NIF,494,100000,COPPER,,,,0,5,-15,43,0,,,55,,,
1,1,NPU,0,CHENAB2_NIF,495,100000,COPPER,,,,0,5,-15,43,0,,,55,,,
1,1,NPU,0,CHENAB2_NIF,496,100000,COPPER,,,,0,5,-15,43,0,,,55,,,
1,1,NPU,0,CHENAB2_NIF,497,100000,COPPER,,,,0,5,-15,43,0,,,55,,,
1,1,NPU,0,CHENAB2_NIF,498,100000,COPPER,,,,0,5,-15,43,0,,,55,,,
1,1,NPU,0,CHENAB2_NIF,499,100000,COPPER,,,,0,5,-15,43,0,,,55,,,
1,1,NPU,0,CHENAB2_NIF,500,100000,COPPER,,,,0,5,-15,43,0,,,55,,,
1,1,NPU,0,CHENAB2_NIF,501,100000,COPPER,,,,0,5,-15,43,0,,,55,,,
1,1,NPU,0,CHENAB2_NIF,502,100000,COPPER,,,,0,5,-15,43,0,,,55,,,
1,1,NPU,0,CHENAB2_NIF,503,100000,COPPER,,,,0,5,-15,43,0,,,55,,,
1,1,NPU,0,CHENAB2_NIF,504,100000,COPPER,,,,0,5,-15,43,0,,,55,,,
1,1,NPU,0,CHENAB2_NIF,505,100000,COPPER,,,,0,5,-15,43,0,,,55,,,
1,1,NPU,0,CHENAB2_NIF,506,100000,COPPER,,,,0,5,-15,43,0,,,55,,,
1,1,NPU,0,CHENAB2_NIF,507,100000,COPPER,,,,0,5,-15,43,0,,,55,,,
1,1,NPU,0,CHENAB2_NIF,508,100000,COPPER,,,,0,5,-15,43,0,,,55,,,
1,1,NPU,0,CHENAB2_NIF,509,100000,COPPER,,,,0,5,-15,43,0,,,55,,,
1,1,NPU,0,CHENAB2_NIF,510,100000,COPPER,,,,0,5,-15,43,0,,,55,,,
1,1,NPU,0,CHENAB2_NIF,511,100000,COPPER,,,,0,5,-15,43,0,,,55,,,
1,1,NPU,0,CHENAB2_NIF,512,25000,COPPER,,,,0,0,0,63,0,,,63,,,
1,1,NPU,0,CHENAB2_NIF,513,25000,COPPER,,,,0,0,0,63,0,,,63,,,
